2025-03-24T17:16:15.168+08:00  INFO 32268 --- [mySpringbootProject] [restartedMain] o.e.MySpringbootProjectApplication       : Starting MySpringbootProjectApplication using Java 22.0.2 with PID 32268 (C:\Users\马冲\Desktop\MySpringBoot\MySpringbootProject\target\classes started by 马冲 in C:\Users\马冲\Desktop\MySpringBoot\MySpringbootProject)
2025-03-24T17:16:15.192+08:00 DEBUG 32268 --- [mySpringbootProject] [restartedMain] o.e.MySpringbootProjectApplication       : Running with Spring Boot v3.4.3, Spring v6.2.3
2025-03-24T17:16:15.193+08:00  INFO 32268 --- [mySpringbootProject] [restartedMain] o.e.MySpringbootProjectApplication       : No active profile set, falling back to 1 default profile: "default"
2025-03-24T17:16:15.296+08:00  INFO 32268 --- [mySpringbootProject] [restartedMain] .e.DevToolsPropertyDefaultsPostProcessor : Devtools property defaults active! Set 'spring.devtools.add-properties' to 'false' to disable
2025-03-24T17:16:15.296+08:00  INFO 32268 --- [mySpringbootProject] [restartedMain] .e.DevToolsPropertyDefaultsPostProcessor : For additional web related logging consider setting the 'logging.level.web' property to 'DEBUG'
2025-03-24T17:16:18.336+08:00  INFO 32268 --- [mySpringbootProject] [restartedMain] .s.d.r.c.RepositoryConfigurationDelegate : Multiple Spring Data modules found, entering strict repository configuration mode
2025-03-24T17:16:18.345+08:00  INFO 32268 --- [mySpringbootProject] [restartedMain] .s.d.r.c.RepositoryConfigurationDelegate : Bootstrapping Spring Data Redis repositories in DEFAULT mode.
2025-03-24T17:16:18.456+08:00  INFO 32268 --- [mySpringbootProject] [restartedMain] .s.d.r.c.RepositoryConfigurationDelegate : Finished Spring Data repository scanning in 59 ms. Found 0 Redis repository interfaces.
2025-03-24T17:16:20.279+08:00  INFO 32268 --- [mySpringbootProject] [restartedMain] o.s.b.w.embedded.tomcat.TomcatWebServer  : Tomcat initialized with port 8081 (http)
2025-03-24T17:16:20.312+08:00  INFO 32268 --- [mySpringbootProject] [restartedMain] o.apache.catalina.core.StandardService   : Starting service [Tomcat]
2025-03-24T17:16:20.313+08:00  INFO 32268 --- [mySpringbootProject] [restartedMain] o.apache.catalina.core.StandardEngine    : Starting Servlet engine: [Apache Tomcat/10.1.36]
2025-03-24T17:16:20.390+08:00  INFO 32268 --- [mySpringbootProject] [restartedMain] o.a.c.c.C.[Tomcat].[localhost].[/]       : Initializing Spring embedded WebApplicationContext
2025-03-24T17:16:20.391+08:00  INFO 32268 --- [mySpringbootProject] [restartedMain] w.s.c.ServletWebServerApplicationContext : Root WebApplicationContext: initialization completed in 5094 ms
2025-03-24T17:16:22.626+08:00  INFO 32268 --- [mySpringbootProject] [restartedMain] o.s.b.d.a.OptionalLiveReloadServer       : LiveReload server is running on port 35729
2025-03-24T17:16:22.691+08:00  INFO 32268 --- [mySpringbootProject] [restartedMain] o.s.b.w.embedded.tomcat.TomcatWebServer  : Tomcat started on port 8081 (http) with context path '/'
2025-03-24T17:16:22.706+08:00  INFO 32268 --- [mySpringbootProject] [restartedMain] o.e.MySpringbootProjectApplication       : Started MySpringbootProjectApplication in 9.153 seconds (process running for 11.704)
2025-03-24T17:16:52.048+08:00  INFO 32268 --- [mySpringbootProject] [http-nio-8081-exec-2] o.a.c.c.C.[Tomcat].[localhost].[/]       : Initializing Spring DispatcherServlet 'dispatcherServlet'
2025-03-24T17:16:52.048+08:00  INFO 32268 --- [mySpringbootProject] [http-nio-8081-exec-2] o.s.web.servlet.DispatcherServlet        : Initializing Servlet 'dispatcherServlet'
2025-03-24T17:16:52.052+08:00  INFO 32268 --- [mySpringbootProject] [http-nio-8081-exec-2] o.s.web.servlet.DispatcherServlet        : Completed initialization in 4 ms
2025-03-24T17:16:52.336+08:00  INFO 32268 --- [mySpringbootProject] [http-nio-8081-exec-2] com.zaxxer.hikari.HikariDataSource       : HikariPool-1 - Starting...
2025-03-24T17:16:53.263+08:00  INFO 32268 --- [mySpringbootProject] [http-nio-8081-exec-2] com.zaxxer.hikari.pool.HikariPool        : HikariPool-1 - Added connection com.mysql.cj.jdbc.ConnectionImpl@107f93ac
2025-03-24T17:16:53.265+08:00  INFO 32268 --- [mySpringbootProject] [http-nio-8081-exec-2] com.zaxxer.hikari.HikariDataSource       : HikariPool-1 - Start completed.
2025-03-24T17:16:53.385+08:00 ERROR 32268 --- [mySpringbootProject] [http-nio-8081-exec-2] o.a.c.c.C.[.[.[/].[dispatcherServlet]    : Servlet.service() for servlet [dispatcherServlet] in context with path [] threw exception [Request processing failed: org.apache.ibatis.binding.BindingException: Invalid bound statement (not found): org.example.mapper.RoleMapper.findRoleByName] with root cause

org.apache.ibatis.binding.BindingException: Invalid bound statement (not found): org.example.mapper.RoleMapper.findRoleByName
	at org.apache.ibatis.binding.MapperMethod$SqlCommand.<init>(MapperMethod.java:229) ~[mybatis-3.5.17.jar:3.5.17]
	at org.apache.ibatis.binding.MapperMethod.<init>(MapperMethod.java:53) ~[mybatis-3.5.17.jar:3.5.17]
	at org.apache.ibatis.binding.MapperProxy.lambda$cachedInvoker$0(MapperProxy.java:96) ~[mybatis-3.5.17.jar:3.5.17]
	at java.base/java.util.concurrent.ConcurrentHashMap.computeIfAbsent(ConcurrentHashMap.java:1710) ~[na:na]
	at org.apache.ibatis.util.MapUtil.computeIfAbsent(MapUtil.java:36) ~[mybatis-3.5.17.jar:3.5.17]
	at org.apache.ibatis.binding.MapperProxy.cachedInvoker(MapperProxy.java:94) ~[mybatis-3.5.17.jar:3.5.17]
	at org.apache.ibatis.binding.MapperProxy.invoke(MapperProxy.java:86) ~[mybatis-3.5.17.jar:3.5.17]
	at jdk.proxy3/jdk.proxy3.$Proxy76.findRoleByName(Unknown Source) ~[na:na]
	at org.example.service.impl.UserServiceImpl.register(UserServiceImpl.java:34) ~[classes/:na]
	at org.example.controller.UserController.register(UserController.java:39) ~[classes/:na]
	at java.base/jdk.internal.reflect.DirectMethodHandleAccessor.invoke(DirectMethodHandleAccessor.java:103) ~[na:na]
	at java.base/java.lang.reflect.Method.invoke(Method.java:580) ~[na:na]
	at org.springframework.aop.support.AopUtils.invokeJoinpointUsingReflection(AopUtils.java:359) ~[spring-aop-6.2.3.jar:6.2.3]
	at org.springframework.aop.framework.ReflectiveMethodInvocation.invokeJoinpoint(ReflectiveMethodInvocation.java:196) ~[spring-aop-6.2.3.jar:6.2.3]
	at org.springframework.aop.framework.ReflectiveMethodInvocation.proceed(ReflectiveMethodInvocation.java:163) ~[spring-aop-6.2.3.jar:6.2.3]
	at org.springframework.validation.beanvalidation.MethodValidationInterceptor.invoke(MethodValidationInterceptor.java:174) ~[spring-context-6.2.3.jar:6.2.3]
	at org.springframework.aop.framework.ReflectiveMethodInvocation.proceed(ReflectiveMethodInvocation.java:184) ~[spring-aop-6.2.3.jar:6.2.3]
	at org.springframework.aop.framework.CglibAopProxy$DynamicAdvisedInterceptor.intercept(CglibAopProxy.java:727) ~[spring-aop-6.2.3.jar:6.2.3]
	at org.example.controller.UserController$$SpringCGLIB$$0.register(<generated>) ~[classes/:na]
	at java.base/jdk.internal.reflect.DirectMethodHandleAccessor.invoke(DirectMethodHandleAccessor.java:103) ~[na:na]
	at java.base/java.lang.reflect.Method.invoke(Method.java:580) ~[na:na]
	at org.springframework.web.method.support.InvocableHandlerMethod.doInvoke(InvocableHandlerMethod.java:257) ~[spring-web-6.2.3.jar:6.2.3]
	at org.springframework.web.method.support.InvocableHandlerMethod.invokeForRequest(InvocableHandlerMethod.java:190) ~[spring-web-6.2.3.jar:6.2.3]
	at org.springframework.web.servlet.mvc.method.annotation.ServletInvocableHandlerMethod.invokeAndHandle(ServletInvocableHandlerMethod.java:118) ~[spring-webmvc-6.2.3.jar:6.2.3]
	at org.springframework.web.servlet.mvc.method.annotation.RequestMappingHandlerAdapter.invokeHandlerMethod(RequestMappingHandlerAdapter.java:986) ~[spring-webmvc-6.2.3.jar:6.2.3]
	at org.springframework.web.servlet.mvc.method.annotation.RequestMappingHandlerAdapter.handleInternal(RequestMappingHandlerAdapter.java:891) ~[spring-webmvc-6.2.3.jar:6.2.3]
	at org.springframework.web.servlet.mvc.method.AbstractHandlerMethodAdapter.handle(AbstractHandlerMethodAdapter.java:87) ~[spring-webmvc-6.2.3.jar:6.2.3]
	at org.springframework.web.servlet.DispatcherServlet.doDispatch(DispatcherServlet.java:1088) ~[spring-webmvc-6.2.3.jar:6.2.3]
	at org.springframework.web.servlet.DispatcherServlet.doService(DispatcherServlet.java:978) ~[spring-webmvc-6.2.3.jar:6.2.3]
	at org.springframework.web.servlet.FrameworkServlet.processRequest(FrameworkServlet.java:1014) ~[spring-webmvc-6.2.3.jar:6.2.3]
	at org.springframework.web.servlet.FrameworkServlet.doPost(FrameworkServlet.java:914) ~[spring-webmvc-6.2.3.jar:6.2.3]
	at jakarta.servlet.http.HttpServlet.service(HttpServlet.java:590) ~[tomcat-embed-core-10.1.36.jar:6.0]
	at org.springframework.web.servlet.FrameworkServlet.service(FrameworkServlet.java:885) ~[spring-webmvc-6.2.3.jar:6.2.3]
	at jakarta.servlet.http.HttpServlet.service(HttpServlet.java:658) ~[tomcat-embed-core-10.1.36.jar:6.0]
	at org.apache.catalina.core.ApplicationFilterChain.internalDoFilter(ApplicationFilterChain.java:195) ~[tomcat-embed-core-10.1.36.jar:10.1.36]
	at org.apache.catalina.core.ApplicationFilterChain.doFilter(ApplicationFilterChain.java:140) ~[tomcat-embed-core-10.1.36.jar:10.1.36]
	at org.apache.tomcat.websocket.server.WsFilter.doFilter(WsFilter.java:51) ~[tomcat-embed-websocket-10.1.36.jar:10.1.36]
	at org.apache.catalina.core.ApplicationFilterChain.internalDoFilter(ApplicationFilterChain.java:164) ~[tomcat-embed-core-10.1.36.jar:10.1.36]
	at org.apache.catalina.core.ApplicationFilterChain.doFilter(ApplicationFilterChain.java:140) ~[tomcat-embed-core-10.1.36.jar:10.1.36]
	at org.springframework.web.filter.RequestContextFilter.doFilterInternal(RequestContextFilter.java:100) ~[spring-web-6.2.3.jar:6.2.3]
	at org.springframework.web.filter.OncePerRequestFilter.doFilter(OncePerRequestFilter.java:116) ~[spring-web-6.2.3.jar:6.2.3]
	at org.apache.catalina.core.ApplicationFilterChain.internalDoFilter(ApplicationFilterChain.java:164) ~[tomcat-embed-core-10.1.36.jar:10.1.36]
	at org.apache.catalina.core.ApplicationFilterChain.doFilter(ApplicationFilterChain.java:140) ~[tomcat-embed-core-10.1.36.jar:10.1.36]
	at org.springframework.web.filter.FormContentFilter.doFilterInternal(FormContentFilter.java:93) ~[spring-web-6.2.3.jar:6.2.3]
	at org.springframework.web.filter.OncePerRequestFilter.doFilter(OncePerRequestFilter.java:116) ~[spring-web-6.2.3.jar:6.2.3]
	at org.apache.catalina.core.ApplicationFilterChain.internalDoFilter(ApplicationFilterChain.java:164) ~[tomcat-embed-core-10.1.36.jar:10.1.36]
	at org.apache.catalina.core.ApplicationFilterChain.doFilter(ApplicationFilterChain.java:140) ~[tomcat-embed-core-10.1.36.jar:10.1.36]
	at org.springframework.web.filter.CharacterEncodingFilter.doFilterInternal(CharacterEncodingFilter.java:201) ~[spring-web-6.2.3.jar:6.2.3]
	at org.springframework.web.filter.OncePerRequestFilter.doFilter(OncePerRequestFilter.java:116) ~[spring-web-6.2.3.jar:6.2.3]
	at org.apache.catalina.core.ApplicationFilterChain.internalDoFilter(ApplicationFilterChain.java:164) ~[tomcat-embed-core-10.1.36.jar:10.1.36]
	at org.apache.catalina.core.ApplicationFilterChain.doFilter(ApplicationFilterChain.java:140) ~[tomcat-embed-core-10.1.36.jar:10.1.36]
	at org.apache.catalina.core.StandardWrapperValve.invoke(StandardWrapperValve.java:167) ~[tomcat-embed-core-10.1.36.jar:10.1.36]
	at org.apache.catalina.core.StandardContextValve.invoke(StandardContextValve.java:90) ~[tomcat-embed-core-10.1.36.jar:10.1.36]
	at org.apache.catalina.authenticator.AuthenticatorBase.invoke(AuthenticatorBase.java:483) ~[tomcat-embed-core-10.1.36.jar:10.1.36]
	at org.apache.catalina.core.StandardHostValve.invoke(StandardHostValve.java:115) ~[tomcat-embed-core-10.1.36.jar:10.1.36]
	at org.apache.catalina.valves.ErrorReportValve.invoke(ErrorReportValve.java:93) ~[tomcat-embed-core-10.1.36.jar:10.1.36]
	at org.apache.catalina.core.StandardEngineValve.invoke(StandardEngineValve.java:74) ~[tomcat-embed-core-10.1.36.jar:10.1.36]
	at org.apache.catalina.connector.CoyoteAdapter.service(CoyoteAdapter.java:344) ~[tomcat-embed-core-10.1.36.jar:10.1.36]
	at org.apache.coyote.http11.Http11Processor.service(Http11Processor.java:397) ~[tomcat-embed-core-10.1.36.jar:10.1.36]
	at org.apache.coyote.AbstractProcessorLight.process(AbstractProcessorLight.java:63) ~[tomcat-embed-core-10.1.36.jar:10.1.36]
	at org.apache.coyote.AbstractProtocol$ConnectionHandler.process(AbstractProtocol.java:905) ~[tomcat-embed-core-10.1.36.jar:10.1.36]
	at org.apache.tomcat.util.net.NioEndpoint$SocketProcessor.doRun(NioEndpoint.java:1743) ~[tomcat-embed-core-10.1.36.jar:10.1.36]
	at org.apache.tomcat.util.net.SocketProcessorBase.run(SocketProcessorBase.java:52) ~[tomcat-embed-core-10.1.36.jar:10.1.36]
	at org.apache.tomcat.util.threads.ThreadPoolExecutor.runWorker(ThreadPoolExecutor.java:1190) ~[tomcat-embed-core-10.1.36.jar:10.1.36]
	at org.apache.tomcat.util.threads.ThreadPoolExecutor$Worker.run(ThreadPoolExecutor.java:659) ~[tomcat-embed-core-10.1.36.jar:10.1.36]
	at org.apache.tomcat.util.threads.TaskThread$WrappingRunnable.run(TaskThread.java:63) ~[tomcat-embed-core-10.1.36.jar:10.1.36]
	at java.base/java.lang.Thread.run(Thread.java:1570) ~[na:na]

2025-03-24T17:18:52.518+08:00  INFO 32268 --- [mySpringbootProject] [File Watcher] rtingClassPathChangeChangedEventListener : Restarting due to 1 class path change (0 additions, 1 deletion, 0 modifications)
2025-03-24T17:18:52.528+08:00  INFO 32268 --- [mySpringbootProject] [Thread-5] o.s.b.w.e.tomcat.GracefulShutdown        : Commencing graceful shutdown. Waiting for active requests to complete
2025-03-24T17:18:52.561+08:00  INFO 32268 --- [mySpringbootProject] [tomcat-shutdown] o.s.b.w.e.tomcat.GracefulShutdown        : Graceful shutdown complete
2025-03-24T17:18:52.593+08:00  INFO 32268 --- [mySpringbootProject] [Thread-5] com.zaxxer.hikari.HikariDataSource       : HikariPool-1 - Shutdown initiated...
2025-03-24T17:18:52.721+08:00  INFO 32268 --- [mySpringbootProject] [Thread-5] com.zaxxer.hikari.HikariDataSource       : HikariPool-1 - Shutdown completed.
2025-03-24T17:18:52.968+08:00  INFO 32268 --- [mySpringbootProject] [restartedMain] o.e.MySpringbootProjectApplication       : Starting MySpringbootProjectApplication using Java 22.0.2 with PID 32268 (C:\Users\马冲\Desktop\MySpringBoot\MySpringbootProject\target\classes started by 马冲 in C:\Users\马冲\Desktop\MySpringBoot\MySpringbootProject)
2025-03-24T17:18:52.971+08:00 DEBUG 32268 --- [mySpringbootProject] [restartedMain] o.e.MySpringbootProjectApplication       : Running with Spring Boot v3.4.3, Spring v6.2.3
2025-03-24T17:18:52.972+08:00  INFO 32268 --- [mySpringbootProject] [restartedMain] o.e.MySpringbootProjectApplication       : No active profile set, falling back to 1 default profile: "default"
2025-03-24T17:18:53.514+08:00  INFO 32268 --- [mySpringbootProject] [restartedMain] .s.d.r.c.RepositoryConfigurationDelegate : Multiple Spring Data modules found, entering strict repository configuration mode
2025-03-24T17:18:53.514+08:00  INFO 32268 --- [mySpringbootProject] [restartedMain] .s.d.r.c.RepositoryConfigurationDelegate : Bootstrapping Spring Data Redis repositories in DEFAULT mode.
2025-03-24T17:18:53.521+08:00  INFO 32268 --- [mySpringbootProject] [restartedMain] .s.d.r.c.RepositoryConfigurationDelegate : Finished Spring Data repository scanning in 5 ms. Found 0 Redis repository interfaces.
2025-03-24T17:18:53.810+08:00  INFO 32268 --- [mySpringbootProject] [restartedMain] o.s.b.w.embedded.tomcat.TomcatWebServer  : Tomcat initialized with port 8081 (http)
2025-03-24T17:18:53.814+08:00  INFO 32268 --- [mySpringbootProject] [restartedMain] o.apache.catalina.core.StandardService   : Starting service [Tomcat]
2025-03-24T17:18:53.814+08:00  INFO 32268 --- [mySpringbootProject] [restartedMain] o.apache.catalina.core.StandardEngine    : Starting Servlet engine: [Apache Tomcat/10.1.36]
2025-03-24T17:18:53.856+08:00  INFO 32268 --- [mySpringbootProject] [restartedMain] o.a.c.c.C.[Tomcat].[localhost].[/]       : Initializing Spring embedded WebApplicationContext
2025-03-24T17:18:53.857+08:00  INFO 32268 --- [mySpringbootProject] [restartedMain] w.s.c.ServletWebServerApplicationContext : Root WebApplicationContext: initialization completed in 863 ms
2025-03-24T17:18:53.911+08:00  WARN 32268 --- [mySpringbootProject] [restartedMain] ConfigServletWebServerApplicationContext : Exception encountered during context initialization - cancelling refresh attempt: org.springframework.beans.factory.UnsatisfiedDependencyException: Error creating bean with name 'userController': Unsatisfied dependency expressed through field 'userService': Error creating bean with name 'userServiceImpl' defined in file [C:\Users\马冲\Desktop\MySpringBoot\MySpringbootProject\target\classes\org\example\service\impl\UserServiceImpl.class]: Post-processing of merged bean definition failed
2025-03-24T17:18:53.917+08:00  INFO 32268 --- [mySpringbootProject] [restartedMain] o.apache.catalina.core.StandardService   : Stopping service [Tomcat]
2025-03-24T17:18:53.933+08:00  INFO 32268 --- [mySpringbootProject] [restartedMain] .s.b.a.l.ConditionEvaluationReportLogger : 

Error starting ApplicationContext. To display the condition evaluation report re-run your application with 'debug' enabled.
2025-03-24T17:18:53.999+08:00 ERROR 32268 --- [mySpringbootProject] [restartedMain] o.s.boot.SpringApplication               : Application run failed

org.springframework.beans.factory.UnsatisfiedDependencyException: Error creating bean with name 'userController': Unsatisfied dependency expressed through field 'userService': Error creating bean with name 'userServiceImpl' defined in file [C:\Users\马冲\Desktop\MySpringBoot\MySpringbootProject\target\classes\org\example\service\impl\UserServiceImpl.class]: Post-processing of merged bean definition failed
	at org.springframework.beans.factory.annotation.AutowiredAnnotationBeanPostProcessor$AutowiredFieldElement.resolveFieldValue(AutowiredAnnotationBeanPostProcessor.java:788) ~[spring-beans-6.2.3.jar:6.2.3]
	at org.springframework.beans.factory.annotation.AutowiredAnnotationBeanPostProcessor$AutowiredFieldElement.inject(AutowiredAnnotationBeanPostProcessor.java:768) ~[spring-beans-6.2.3.jar:6.2.3]
	at org.springframework.beans.factory.annotation.InjectionMetadata.inject(InjectionMetadata.java:146) ~[spring-beans-6.2.3.jar:6.2.3]
	at org.springframework.beans.factory.annotation.AutowiredAnnotationBeanPostProcessor.postProcessProperties(AutowiredAnnotationBeanPostProcessor.java:509) ~[spring-beans-6.2.3.jar:6.2.3]
	at org.springframework.beans.factory.support.AbstractAutowireCapableBeanFactory.populateBean(AbstractAutowireCapableBeanFactory.java:1445) ~[spring-beans-6.2.3.jar:6.2.3]
	at org.springframework.beans.factory.support.AbstractAutowireCapableBeanFactory.doCreateBean(AbstractAutowireCapableBeanFactory.java:600) ~[spring-beans-6.2.3.jar:6.2.3]
	at org.springframework.beans.factory.support.AbstractAutowireCapableBeanFactory.createBean(AbstractAutowireCapableBeanFactory.java:523) ~[spring-beans-6.2.3.jar:6.2.3]
	at org.springframework.beans.factory.support.AbstractBeanFactory.lambda$doGetBean$0(AbstractBeanFactory.java:339) ~[spring-beans-6.2.3.jar:6.2.3]
	at org.springframework.beans.factory.support.DefaultSingletonBeanRegistry.getSingleton(DefaultSingletonBeanRegistry.java:346) ~[spring-beans-6.2.3.jar:6.2.3]
	at org.springframework.beans.factory.support.AbstractBeanFactory.doGetBean(AbstractBeanFactory.java:337) ~[spring-beans-6.2.3.jar:6.2.3]
	at org.springframework.beans.factory.support.AbstractBeanFactory.getBean(AbstractBeanFactory.java:202) ~[spring-beans-6.2.3.jar:6.2.3]
	at org.springframework.beans.factory.support.DefaultListableBeanFactory.instantiateSingleton(DefaultListableBeanFactory.java:1155) ~[spring-beans-6.2.3.jar:6.2.3]
	at org.springframework.beans.factory.support.DefaultListableBeanFactory.preInstantiateSingleton(DefaultListableBeanFactory.java:1121) ~[spring-beans-6.2.3.jar:6.2.3]
	at org.springframework.beans.factory.support.DefaultListableBeanFactory.preInstantiateSingletons(DefaultListableBeanFactory.java:1056) ~[spring-beans-6.2.3.jar:6.2.3]
	at org.springframework.context.support.AbstractApplicationContext.finishBeanFactoryInitialization(AbstractApplicationContext.java:987) ~[spring-context-6.2.3.jar:6.2.3]
	at org.springframework.context.support.AbstractApplicationContext.refresh(AbstractApplicationContext.java:627) ~[spring-context-6.2.3.jar:6.2.3]
	at org.springframework.boot.web.servlet.context.ServletWebServerApplicationContext.refresh(ServletWebServerApplicationContext.java:146) ~[spring-boot-3.4.3.jar:3.4.3]
	at org.springframework.boot.SpringApplication.refresh(SpringApplication.java:752) ~[spring-boot-3.4.3.jar:3.4.3]
	at org.springframework.boot.SpringApplication.refreshContext(SpringApplication.java:439) ~[spring-boot-3.4.3.jar:3.4.3]
	at org.springframework.boot.SpringApplication.run(SpringApplication.java:318) ~[spring-boot-3.4.3.jar:3.4.3]
	at org.springframework.boot.SpringApplication.run(SpringApplication.java:1361) ~[spring-boot-3.4.3.jar:3.4.3]
	at org.springframework.boot.SpringApplication.run(SpringApplication.java:1350) ~[spring-boot-3.4.3.jar:3.4.3]
	at org.example.MySpringbootProjectApplication.main(MySpringbootProjectApplication.java:12) ~[classes/:na]
	at java.base/jdk.internal.reflect.DirectMethodHandleAccessor.invoke(DirectMethodHandleAccessor.java:103) ~[na:na]
	at java.base/java.lang.reflect.Method.invoke(Method.java:580) ~[na:na]
	at org.springframework.boot.devtools.restart.RestartLauncher.run(RestartLauncher.java:50) ~[spring-boot-devtools-3.4.3.jar:3.4.3]
Caused by: org.springframework.beans.factory.BeanCreationException: Error creating bean with name 'userServiceImpl' defined in file [C:\Users\马冲\Desktop\MySpringBoot\MySpringbootProject\target\classes\org\example\service\impl\UserServiceImpl.class]: Post-processing of merged bean definition failed
	at org.springframework.beans.factory.support.AbstractAutowireCapableBeanFactory.doCreateBean(AbstractAutowireCapableBeanFactory.java:578) ~[spring-beans-6.2.3.jar:6.2.3]
	at org.springframework.beans.factory.support.AbstractAutowireCapableBeanFactory.createBean(AbstractAutowireCapableBeanFactory.java:523) ~[spring-beans-6.2.3.jar:6.2.3]
	at org.springframework.beans.factory.support.AbstractBeanFactory.lambda$doGetBean$0(AbstractBeanFactory.java:339) ~[spring-beans-6.2.3.jar:6.2.3]
	at org.springframework.beans.factory.support.DefaultSingletonBeanRegistry.getSingleton(DefaultSingletonBeanRegistry.java:346) ~[spring-beans-6.2.3.jar:6.2.3]
	at org.springframework.beans.factory.support.AbstractBeanFactory.doGetBean(AbstractBeanFactory.java:337) ~[spring-beans-6.2.3.jar:6.2.3]
	at org.springframework.beans.factory.support.AbstractBeanFactory.getBean(AbstractBeanFactory.java:202) ~[spring-beans-6.2.3.jar:6.2.3]
	at org.springframework.beans.factory.config.DependencyDescriptor.resolveCandidate(DependencyDescriptor.java:254) ~[spring-beans-6.2.3.jar:6.2.3]
	at org.springframework.beans.factory.support.DefaultListableBeanFactory.doResolveDependency(DefaultListableBeanFactory.java:1664) ~[spring-beans-6.2.3.jar:6.2.3]
	at org.springframework.beans.factory.support.DefaultListableBeanFactory.resolveDependency(DefaultListableBeanFactory.java:1552) ~[spring-beans-6.2.3.jar:6.2.3]
	at org.springframework.beans.factory.annotation.AutowiredAnnotationBeanPostProcessor$AutowiredFieldElement.resolveFieldValue(AutowiredAnnotationBeanPostProcessor.java:785) ~[spring-beans-6.2.3.jar:6.2.3]
	... 25 common frames omitted
Caused by: java.lang.IllegalStateException: Failed to introspect Class [org.example.service.impl.UserServiceImpl] from ClassLoader [org.springframework.boot.devtools.restart.classloader.RestartClassLoader@3ed297ce]
	at org.springframework.util.ReflectionUtils.getDeclaredFields(ReflectionUtils.java:756) ~[spring-core-6.2.3.jar:6.2.3]
	at org.springframework.util.ReflectionUtils.doWithLocalFields(ReflectionUtils.java:689) ~[spring-core-6.2.3.jar:6.2.3]
	at org.springframework.context.annotation.CommonAnnotationBeanPostProcessor.buildResourceMetadata(CommonAnnotationBeanPostProcessor.java:432) ~[spring-context-6.2.3.jar:6.2.3]
	at org.springframework.context.annotation.CommonAnnotationBeanPostProcessor.findResourceMetadata(CommonAnnotationBeanPostProcessor.java:413) ~[spring-context-6.2.3.jar:6.2.3]
	at org.springframework.context.annotation.CommonAnnotationBeanPostProcessor.postProcessMergedBeanDefinition(CommonAnnotationBeanPostProcessor.java:313) ~[spring-context-6.2.3.jar:6.2.3]
	at org.springframework.beans.factory.support.AbstractAutowireCapableBeanFactory.applyMergedBeanDefinitionPostProcessors(AbstractAutowireCapableBeanFactory.java:1109) ~[spring-beans-6.2.3.jar:6.2.3]
	at org.springframework.beans.factory.support.AbstractAutowireCapableBeanFactory.doCreateBean(AbstractAutowireCapableBeanFactory.java:575) ~[spring-beans-6.2.3.jar:6.2.3]
	... 34 common frames omitted
Caused by: java.lang.NoClassDefFoundError: org/example/mapper/RoleMapper
	at java.base/java.lang.Class.getDeclaredFields0(Native Method) ~[na:na]
	at java.base/java.lang.Class.privateGetDeclaredFields(Class.java:3496) ~[na:na]
	at java.base/java.lang.Class.getDeclaredFields(Class.java:2552) ~[na:na]
	at org.springframework.util.ReflectionUtils.getDeclaredFields(ReflectionUtils.java:751) ~[spring-core-6.2.3.jar:6.2.3]
	... 40 common frames omitted
Caused by: java.lang.ClassNotFoundException: org.example.mapper.RoleMapper
	at java.base/jdk.internal.loader.BuiltinClassLoader.loadClass(BuiltinClassLoader.java:641) ~[na:na]
	at java.base/jdk.internal.loader.ClassLoaders$AppClassLoader.loadClass(ClassLoaders.java:188) ~[na:na]
	at java.base/java.lang.ClassLoader.loadClass(ClassLoader.java:525) ~[na:na]
	at java.base/java.lang.Class.forName0(Native Method) ~[na:na]
	at java.base/java.lang.Class.forName(Class.java:529) ~[na:na]
	at java.base/java.lang.Class.forName(Class.java:508) ~[na:na]
	at org.springframework.boot.devtools.restart.classloader.RestartClassLoader.loadClass(RestartClassLoader.java:121) ~[spring-boot-devtools-3.4.3.jar:3.4.3]
	at java.base/java.lang.ClassLoader.loadClass(ClassLoader.java:525) ~[na:na]
	... 44 common frames omitted

2025-03-24T17:18:57.661+08:00  INFO 32268 --- [mySpringbootProject] [restartedMain] o.e.MySpringbootProjectApplication       : Starting MySpringbootProjectApplication using Java 22.0.2 with PID 32268 (C:\Users\马冲\Desktop\MySpringBoot\MySpringbootProject\target\classes started by 马冲 in C:\Users\马冲\Desktop\MySpringBoot\MySpringbootProject)
2025-03-24T17:18:57.661+08:00 DEBUG 32268 --- [mySpringbootProject] [restartedMain] o.e.MySpringbootProjectApplication       : Running with Spring Boot v3.4.3, Spring v6.2.3
2025-03-24T17:18:57.661+08:00  INFO 32268 --- [mySpringbootProject] [restartedMain] o.e.MySpringbootProjectApplication       : No active profile set, falling back to 1 default profile: "default"
2025-03-24T17:18:57.935+08:00  INFO 32268 --- [mySpringbootProject] [restartedMain] .s.d.r.c.RepositoryConfigurationDelegate : Multiple Spring Data modules found, entering strict repository configuration mode
2025-03-24T17:18:57.936+08:00  INFO 32268 --- [mySpringbootProject] [restartedMain] .s.d.r.c.RepositoryConfigurationDelegate : Bootstrapping Spring Data Redis repositories in DEFAULT mode.
2025-03-24T17:18:57.943+08:00  INFO 32268 --- [mySpringbootProject] [restartedMain] .s.d.r.c.RepositoryConfigurationDelegate : Finished Spring Data repository scanning in 5 ms. Found 0 Redis repository interfaces.
2025-03-24T17:18:58.057+08:00  INFO 32268 --- [mySpringbootProject] [restartedMain] o.s.b.w.embedded.tomcat.TomcatWebServer  : Tomcat initialized with port 8081 (http)
2025-03-24T17:18:58.058+08:00  INFO 32268 --- [mySpringbootProject] [restartedMain] o.apache.catalina.core.StandardService   : Starting service [Tomcat]
2025-03-24T17:18:58.059+08:00  INFO 32268 --- [mySpringbootProject] [restartedMain] o.apache.catalina.core.StandardEngine    : Starting Servlet engine: [Apache Tomcat/10.1.36]
2025-03-24T17:18:58.089+08:00  INFO 32268 --- [mySpringbootProject] [restartedMain] o.a.c.c.C.[Tomcat-1].[localhost].[/]     : Initializing Spring embedded WebApplicationContext
2025-03-24T17:18:58.090+08:00  INFO 32268 --- [mySpringbootProject] [restartedMain] w.s.c.ServletWebServerApplicationContext : Root WebApplicationContext: initialization completed in 426 ms
2025-03-24T17:18:58.394+08:00  INFO 32268 --- [mySpringbootProject] [restartedMain] o.s.b.d.a.OptionalLiveReloadServer       : LiveReload server is running on port 35729
2025-03-24T17:18:58.407+08:00  INFO 32268 --- [mySpringbootProject] [restartedMain] o.s.b.w.embedded.tomcat.TomcatWebServer  : Tomcat started on port 8081 (http) with context path '/'
2025-03-24T17:18:58.411+08:00  INFO 32268 --- [mySpringbootProject] [restartedMain] o.e.MySpringbootProjectApplication       : Started MySpringbootProjectApplication in 0.809 seconds (process running for 167.409)
2025-03-24T17:18:58.413+08:00  INFO 32268 --- [mySpringbootProject] [restartedMain] .ConditionEvaluationDeltaLoggingListener : Condition evaluation unchanged
2025-03-24T17:19:40.078+08:00  INFO 32268 --- [mySpringbootProject] [File Watcher] rtingClassPathChangeChangedEventListener : Restarting due to 1 class path change (0 additions, 0 deletions, 1 modification)
2025-03-24T17:19:40.080+08:00  INFO 32268 --- [mySpringbootProject] [Thread-7] o.s.b.w.e.tomcat.GracefulShutdown        : Commencing graceful shutdown. Waiting for active requests to complete
2025-03-24T17:19:40.084+08:00  INFO 32268 --- [mySpringbootProject] [tomcat-shutdown] o.s.b.w.e.tomcat.GracefulShutdown        : Graceful shutdown complete
2025-03-24T17:19:40.291+08:00  INFO 32268 --- [mySpringbootProject] [restartedMain] o.e.MySpringbootProjectApplication       : Starting MySpringbootProjectApplication using Java 22.0.2 with PID 32268 (C:\Users\马冲\Desktop\MySpringBoot\MySpringbootProject\target\classes started by 马冲 in C:\Users\马冲\Desktop\MySpringBoot\MySpringbootProject)
2025-03-24T17:19:40.291+08:00 DEBUG 32268 --- [mySpringbootProject] [restartedMain] o.e.MySpringbootProjectApplication       : Running with Spring Boot v3.4.3, Spring v6.2.3
2025-03-24T17:19:40.291+08:00  INFO 32268 --- [mySpringbootProject] [restartedMain] o.e.MySpringbootProjectApplication       : No active profile set, falling back to 1 default profile: "default"
2025-03-24T17:19:40.666+08:00  INFO 32268 --- [mySpringbootProject] [restartedMain] .s.d.r.c.RepositoryConfigurationDelegate : Multiple Spring Data modules found, entering strict repository configuration mode
2025-03-24T17:19:40.667+08:00  INFO 32268 --- [mySpringbootProject] [restartedMain] .s.d.r.c.RepositoryConfigurationDelegate : Bootstrapping Spring Data Redis repositories in DEFAULT mode.
2025-03-24T17:19:40.676+08:00  INFO 32268 --- [mySpringbootProject] [restartedMain] .s.d.r.c.RepositoryConfigurationDelegate : Finished Spring Data repository scanning in 5 ms. Found 0 Redis repository interfaces.
2025-03-24T17:19:40.925+08:00  INFO 32268 --- [mySpringbootProject] [restartedMain] o.s.b.w.embedded.tomcat.TomcatWebServer  : Tomcat initialized with port 8081 (http)
2025-03-24T17:19:40.927+08:00  INFO 32268 --- [mySpringbootProject] [restartedMain] o.apache.catalina.core.StandardService   : Starting service [Tomcat]
2025-03-24T17:19:40.927+08:00  INFO 32268 --- [mySpringbootProject] [restartedMain] o.apache.catalina.core.StandardEngine    : Starting Servlet engine: [Apache Tomcat/10.1.36]
2025-03-24T17:19:40.967+08:00  INFO 32268 --- [mySpringbootProject] [restartedMain] o.a.c.c.C.[Tomcat-1].[localhost].[/]     : Initializing Spring embedded WebApplicationContext
2025-03-24T17:19:40.969+08:00  INFO 32268 --- [mySpringbootProject] [restartedMain] w.s.c.ServletWebServerApplicationContext : Root WebApplicationContext: initialization completed in 674 ms
2025-03-24T17:19:41.285+08:00  INFO 32268 --- [mySpringbootProject] [restartedMain] o.s.b.d.a.OptionalLiveReloadServer       : LiveReload server is running on port 35729
2025-03-24T17:19:41.316+08:00  INFO 32268 --- [mySpringbootProject] [restartedMain] o.s.b.w.embedded.tomcat.TomcatWebServer  : Tomcat started on port 8081 (http) with context path '/'
2025-03-24T17:19:41.323+08:00  INFO 32268 --- [mySpringbootProject] [restartedMain] o.e.MySpringbootProjectApplication       : Started MySpringbootProjectApplication in 1.085 seconds (process running for 210.321)
2025-03-24T17:19:41.326+08:00  INFO 32268 --- [mySpringbootProject] [restartedMain] .ConditionEvaluationDeltaLoggingListener : Condition evaluation unchanged
2025-03-24T17:20:04.358+08:00  INFO 32268 --- [mySpringbootProject] [File Watcher] rtingClassPathChangeChangedEventListener : Restarting due to 1 class path change (0 additions, 0 deletions, 1 modification)
2025-03-24T17:20:04.360+08:00  INFO 32268 --- [mySpringbootProject] [Thread-14] o.s.b.w.e.tomcat.GracefulShutdown        : Commencing graceful shutdown. Waiting for active requests to complete
2025-03-24T17:20:04.365+08:00  INFO 32268 --- [mySpringbootProject] [tomcat-shutdown] o.s.b.w.e.tomcat.GracefulShutdown        : Graceful shutdown complete
2025-03-24T17:20:04.517+08:00  INFO 32268 --- [mySpringbootProject] [restartedMain] o.e.MySpringbootProjectApplication       : Starting MySpringbootProjectApplication using Java 22.0.2 with PID 32268 (C:\Users\马冲\Desktop\MySpringBoot\MySpringbootProject\target\classes started by 马冲 in C:\Users\马冲\Desktop\MySpringBoot\MySpringbootProject)
2025-03-24T17:20:04.518+08:00 DEBUG 32268 --- [mySpringbootProject] [restartedMain] o.e.MySpringbootProjectApplication       : Running with Spring Boot v3.4.3, Spring v6.2.3
2025-03-24T17:20:04.518+08:00  INFO 32268 --- [mySpringbootProject] [restartedMain] o.e.MySpringbootProjectApplication       : No active profile set, falling back to 1 default profile: "default"
2025-03-24T17:20:04.734+08:00  INFO 32268 --- [mySpringbootProject] [restartedMain] .s.d.r.c.RepositoryConfigurationDelegate : Multiple Spring Data modules found, entering strict repository configuration mode
2025-03-24T17:20:04.734+08:00  INFO 32268 --- [mySpringbootProject] [restartedMain] .s.d.r.c.RepositoryConfigurationDelegate : Bootstrapping Spring Data Redis repositories in DEFAULT mode.
2025-03-24T17:20:04.740+08:00  INFO 32268 --- [mySpringbootProject] [restartedMain] .s.d.r.c.RepositoryConfigurationDelegate : Finished Spring Data repository scanning in 4 ms. Found 0 Redis repository interfaces.
2025-03-24T17:20:04.834+08:00  INFO 32268 --- [mySpringbootProject] [restartedMain] o.s.b.w.embedded.tomcat.TomcatWebServer  : Tomcat initialized with port 8081 (http)
2025-03-24T17:20:04.835+08:00  INFO 32268 --- [mySpringbootProject] [restartedMain] o.apache.catalina.core.StandardService   : Starting service [Tomcat]
2025-03-24T17:20:04.835+08:00  INFO 32268 --- [mySpringbootProject] [restartedMain] o.apache.catalina.core.StandardEngine    : Starting Servlet engine: [Apache Tomcat/10.1.36]
2025-03-24T17:20:04.866+08:00  INFO 32268 --- [mySpringbootProject] [restartedMain] o.a.c.c.C.[Tomcat-1].[localhost].[/]     : Initializing Spring embedded WebApplicationContext
2025-03-24T17:20:04.867+08:00  INFO 32268 --- [mySpringbootProject] [restartedMain] w.s.c.ServletWebServerApplicationContext : Root WebApplicationContext: initialization completed in 346 ms
2025-03-24T17:20:05.073+08:00  INFO 32268 --- [mySpringbootProject] [restartedMain] o.s.b.d.a.OptionalLiveReloadServer       : LiveReload server is running on port 35729
2025-03-24T17:20:05.100+08:00  INFO 32268 --- [mySpringbootProject] [restartedMain] o.s.b.w.embedded.tomcat.TomcatWebServer  : Tomcat started on port 8081 (http) with context path '/'
2025-03-24T17:20:05.104+08:00  INFO 32268 --- [mySpringbootProject] [restartedMain] o.e.MySpringbootProjectApplication       : Started MySpringbootProjectApplication in 0.622 seconds (process running for 234.101)
2025-03-24T17:20:05.105+08:00  INFO 32268 --- [mySpringbootProject] [restartedMain] .ConditionEvaluationDeltaLoggingListener : Condition evaluation unchanged
2025-03-24T17:20:30.543+08:00  INFO 32268 --- [mySpringbootProject] [SpringApplicationShutdownHook] o.s.b.w.e.tomcat.GracefulShutdown        : Commencing graceful shutdown. Waiting for active requests to complete
2025-03-24T17:20:30.547+08:00  INFO 32268 --- [mySpringbootProject] [tomcat-shutdown] o.s.b.w.e.tomcat.GracefulShutdown        : Graceful shutdown complete
2025-03-24T17:20:35.539+08:00  INFO 16852 --- [mySpringbootProject] [restartedMain] o.e.MySpringbootProjectApplication       : Starting MySpringbootProjectApplication using Java 22.0.2 with PID 16852 (C:\Users\马冲\Desktop\MySpringBoot\MySpringbootProject\target\classes started by 马冲 in C:\Users\马冲\Desktop\MySpringBoot\MySpringbootProject)
2025-03-24T17:20:35.542+08:00 DEBUG 16852 --- [mySpringbootProject] [restartedMain] o.e.MySpringbootProjectApplication       : Running with Spring Boot v3.4.3, Spring v6.2.3
2025-03-24T17:20:35.543+08:00  INFO 16852 --- [mySpringbootProject] [restartedMain] o.e.MySpringbootProjectApplication       : No active profile set, falling back to 1 default profile: "default"
2025-03-24T17:20:35.616+08:00  INFO 16852 --- [mySpringbootProject] [restartedMain] .e.DevToolsPropertyDefaultsPostProcessor : Devtools property defaults active! Set 'spring.devtools.add-properties' to 'false' to disable
2025-03-24T17:20:35.617+08:00  INFO 16852 --- [mySpringbootProject] [restartedMain] .e.DevToolsPropertyDefaultsPostProcessor : For additional web related logging consider setting the 'logging.level.web' property to 'DEBUG'
2025-03-24T17:20:36.615+08:00  INFO 16852 --- [mySpringbootProject] [restartedMain] .s.d.r.c.RepositoryConfigurationDelegate : Multiple Spring Data modules found, entering strict repository configuration mode
2025-03-24T17:20:36.626+08:00  INFO 16852 --- [mySpringbootProject] [restartedMain] .s.d.r.c.RepositoryConfigurationDelegate : Bootstrapping Spring Data Redis repositories in DEFAULT mode.
2025-03-24T17:20:36.676+08:00  INFO 16852 --- [mySpringbootProject] [restartedMain] .s.d.r.c.RepositoryConfigurationDelegate : Finished Spring Data repository scanning in 24 ms. Found 0 Redis repository interfaces.
2025-03-24T17:20:37.980+08:00  INFO 16852 --- [mySpringbootProject] [restartedMain] o.s.b.w.embedded.tomcat.TomcatWebServer  : Tomcat initialized with port 8081 (http)
2025-03-24T17:20:38.002+08:00  INFO 16852 --- [mySpringbootProject] [restartedMain] o.apache.catalina.core.StandardService   : Starting service [Tomcat]
2025-03-24T17:20:38.002+08:00  INFO 16852 --- [mySpringbootProject] [restartedMain] o.apache.catalina.core.StandardEngine    : Starting Servlet engine: [Apache Tomcat/10.1.36]
2025-03-24T17:20:38.064+08:00  INFO 16852 --- [mySpringbootProject] [restartedMain] o.a.c.c.C.[Tomcat].[localhost].[/]       : Initializing Spring embedded WebApplicationContext
2025-03-24T17:20:38.064+08:00  INFO 16852 --- [mySpringbootProject] [restartedMain] w.s.c.ServletWebServerApplicationContext : Root WebApplicationContext: initialization completed in 2446 ms
2025-03-24T17:20:39.756+08:00  INFO 16852 --- [mySpringbootProject] [restartedMain] o.s.b.d.a.OptionalLiveReloadServer       : LiveReload server is running on port 35729
2025-03-24T17:20:39.851+08:00  INFO 16852 --- [mySpringbootProject] [restartedMain] o.s.b.w.embedded.tomcat.TomcatWebServer  : Tomcat started on port 8081 (http) with context path '/'
2025-03-24T17:20:40.135+08:00  INFO 16852 --- [mySpringbootProject] [restartedMain] o.e.MySpringbootProjectApplication       : Started MySpringbootProjectApplication in 5.324 seconds (process running for 6.74)
2025-03-24T17:20:45.804+08:00  INFO 16852 --- [mySpringbootProject] [http-nio-8081-exec-1] o.a.c.c.C.[Tomcat].[localhost].[/]       : Initializing Spring DispatcherServlet 'dispatcherServlet'
2025-03-24T17:20:45.804+08:00  INFO 16852 --- [mySpringbootProject] [http-nio-8081-exec-1] o.s.web.servlet.DispatcherServlet        : Initializing Servlet 'dispatcherServlet'
2025-03-24T17:20:45.805+08:00  INFO 16852 --- [mySpringbootProject] [http-nio-8081-exec-1] o.s.web.servlet.DispatcherServlet        : Completed initialization in 1 ms
2025-03-24T17:20:45.961+08:00  INFO 16852 --- [mySpringbootProject] [http-nio-8081-exec-1] com.zaxxer.hikari.HikariDataSource       : HikariPool-1 - Starting...
2025-03-24T17:20:46.402+08:00  INFO 16852 --- [mySpringbootProject] [http-nio-8081-exec-1] com.zaxxer.hikari.pool.HikariPool        : HikariPool-1 - Added connection com.mysql.cj.jdbc.ConnectionImpl@1858196d
2025-03-24T17:20:46.404+08:00  INFO 16852 --- [mySpringbootProject] [http-nio-8081-exec-1] com.zaxxer.hikari.HikariDataSource       : HikariPool-1 - Start completed.
2025-03-24T17:21:49.985+08:00 ERROR 16852 --- [mySpringbootProject] [http-nio-8081-exec-5] o.a.c.c.C.[.[.[/].[dispatcherServlet]    : Servlet.service() for servlet [dispatcherServlet] in context with path [] threw exception [Request processing failed: org.springframework.jdbc.BadSqlGrammarException: 
### Error updating database.  Cause: java.sql.SQLSyntaxErrorException: You have an error in your SQL syntax; check the manual that corresponds to your MySQL server version for the right syntax to use near '})' at line 1
### The error may exist in file [C:\Users\马冲\Desktop\MySpringBoot\MySpringbootProject\target\classes\mapper\UserRoleMapper.xml]
### The error may involve defaultParameterMap
### The error occurred while setting parameters
### SQL: insert into user_role(user_id,role_id) values (?,{roleId})
### Cause: java.sql.SQLSyntaxErrorException: You have an error in your SQL syntax; check the manual that corresponds to your MySQL server version for the right syntax to use near '})' at line 1
; bad SQL grammar []] with root cause

java.sql.SQLSyntaxErrorException: You have an error in your SQL syntax; check the manual that corresponds to your MySQL server version for the right syntax to use near '})' at line 1
	at com.mysql.cj.jdbc.exceptions.SQLError.createSQLException(SQLError.java:112) ~[mysql-connector-j-9.1.0.jar:9.1.0]
	at com.mysql.cj.jdbc.exceptions.SQLExceptionsMapping.translateException(SQLExceptionsMapping.java:114) ~[mysql-connector-j-9.1.0.jar:9.1.0]
	at com.mysql.cj.jdbc.ClientPreparedStatement.executeInternal(ClientPreparedStatement.java:988) ~[mysql-connector-j-9.1.0.jar:9.1.0]
	at com.mysql.cj.jdbc.ClientPreparedStatement.execute(ClientPreparedStatement.java:382) ~[mysql-connector-j-9.1.0.jar:9.1.0]
	at com.zaxxer.hikari.pool.ProxyPreparedStatement.execute(ProxyPreparedStatement.java:44) ~[HikariCP-5.1.0.jar:na]
	at com.zaxxer.hikari.pool.HikariProxyPreparedStatement.execute(HikariProxyPreparedStatement.java) ~[HikariCP-5.1.0.jar:na]
	at java.base/jdk.internal.reflect.DirectMethodHandleAccessor.invoke(DirectMethodHandleAccessor.java:103) ~[na:na]
	at java.base/java.lang.reflect.Method.invoke(Method.java:580) ~[na:na]
	at org.apache.ibatis.logging.jdbc.PreparedStatementLogger.invoke(PreparedStatementLogger.java:58) ~[mybatis-3.5.17.jar:3.5.17]
	at jdk.proxy4/jdk.proxy4.$Proxy90.execute(Unknown Source) ~[na:na]
	at org.apache.ibatis.executor.statement.PreparedStatementHandler.update(PreparedStatementHandler.java:48) ~[mybatis-3.5.17.jar:3.5.17]
	at org.apache.ibatis.executor.statement.RoutingStatementHandler.update(RoutingStatementHandler.java:75) ~[mybatis-3.5.17.jar:3.5.17]
	at org.apache.ibatis.executor.SimpleExecutor.doUpdate(SimpleExecutor.java:50) ~[mybatis-3.5.17.jar:3.5.17]
	at org.apache.ibatis.executor.BaseExecutor.update(BaseExecutor.java:117) ~[mybatis-3.5.17.jar:3.5.17]
	at org.apache.ibatis.executor.CachingExecutor.update(CachingExecutor.java:76) ~[mybatis-3.5.17.jar:3.5.17]
	at org.apache.ibatis.session.defaults.DefaultSqlSession.update(DefaultSqlSession.java:197) ~[mybatis-3.5.17.jar:3.5.17]
	at org.apache.ibatis.session.defaults.DefaultSqlSession.insert(DefaultSqlSession.java:184) ~[mybatis-3.5.17.jar:3.5.17]
	at java.base/jdk.internal.reflect.DirectMethodHandleAccessor.invoke(DirectMethodHandleAccessor.java:103) ~[na:na]
	at java.base/java.lang.reflect.Method.invoke(Method.java:580) ~[na:na]
	at org.mybatis.spring.SqlSessionTemplate$SqlSessionInterceptor.invoke(SqlSessionTemplate.java:333) ~[mybatis-spring-3.0.4.jar:3.0.4]
	at jdk.proxy2/jdk.proxy2.$Proxy74.insert(Unknown Source) ~[na:na]
	at org.mybatis.spring.SqlSessionTemplate.insert(SqlSessionTemplate.java:224) ~[mybatis-spring-3.0.4.jar:3.0.4]
	at org.apache.ibatis.binding.MapperMethod.execute(MapperMethod.java:62) ~[mybatis-3.5.17.jar:3.5.17]
	at org.apache.ibatis.binding.MapperProxy$PlainMethodInvoker.invoke(MapperProxy.java:141) ~[mybatis-3.5.17.jar:3.5.17]
	at org.apache.ibatis.binding.MapperProxy.invoke(MapperProxy.java:86) ~[mybatis-3.5.17.jar:3.5.17]
	at jdk.proxy3/jdk.proxy3.$Proxy77.addUserRole(Unknown Source) ~[na:na]
	at org.example.service.impl.UserServiceImpl.register(UserServiceImpl.java:36) ~[classes/:na]
	at org.example.controller.UserController.register(UserController.java:39) ~[classes/:na]
	at java.base/jdk.internal.reflect.DirectMethodHandleAccessor.invoke(DirectMethodHandleAccessor.java:103) ~[na:na]
	at java.base/java.lang.reflect.Method.invoke(Method.java:580) ~[na:na]
	at org.springframework.aop.support.AopUtils.invokeJoinpointUsingReflection(AopUtils.java:359) ~[spring-aop-6.2.3.jar:6.2.3]
	at org.springframework.aop.framework.ReflectiveMethodInvocation.invokeJoinpoint(ReflectiveMethodInvocation.java:196) ~[spring-aop-6.2.3.jar:6.2.3]
	at org.springframework.aop.framework.ReflectiveMethodInvocation.proceed(ReflectiveMethodInvocation.java:163) ~[spring-aop-6.2.3.jar:6.2.3]
	at org.springframework.validation.beanvalidation.MethodValidationInterceptor.invoke(MethodValidationInterceptor.java:174) ~[spring-context-6.2.3.jar:6.2.3]
	at org.springframework.aop.framework.ReflectiveMethodInvocation.proceed(ReflectiveMethodInvocation.java:184) ~[spring-aop-6.2.3.jar:6.2.3]
	at org.springframework.aop.framework.CglibAopProxy$DynamicAdvisedInterceptor.intercept(CglibAopProxy.java:727) ~[spring-aop-6.2.3.jar:6.2.3]
	at org.example.controller.UserController$$SpringCGLIB$$0.register(<generated>) ~[classes/:na]
	at java.base/jdk.internal.reflect.DirectMethodHandleAccessor.invoke(DirectMethodHandleAccessor.java:103) ~[na:na]
	at java.base/java.lang.reflect.Method.invoke(Method.java:580) ~[na:na]
	at org.springframework.web.method.support.InvocableHandlerMethod.doInvoke(InvocableHandlerMethod.java:257) ~[spring-web-6.2.3.jar:6.2.3]
	at org.springframework.web.method.support.InvocableHandlerMethod.invokeForRequest(InvocableHandlerMethod.java:190) ~[spring-web-6.2.3.jar:6.2.3]
	at org.springframework.web.servlet.mvc.method.annotation.ServletInvocableHandlerMethod.invokeAndHandle(ServletInvocableHandlerMethod.java:118) ~[spring-webmvc-6.2.3.jar:6.2.3]
	at org.springframework.web.servlet.mvc.method.annotation.RequestMappingHandlerAdapter.invokeHandlerMethod(RequestMappingHandlerAdapter.java:986) ~[spring-webmvc-6.2.3.jar:6.2.3]
	at org.springframework.web.servlet.mvc.method.annotation.RequestMappingHandlerAdapter.handleInternal(RequestMappingHandlerAdapter.java:891) ~[spring-webmvc-6.2.3.jar:6.2.3]
	at org.springframework.web.servlet.mvc.method.AbstractHandlerMethodAdapter.handle(AbstractHandlerMethodAdapter.java:87) ~[spring-webmvc-6.2.3.jar:6.2.3]
	at org.springframework.web.servlet.DispatcherServlet.doDispatch(DispatcherServlet.java:1088) ~[spring-webmvc-6.2.3.jar:6.2.3]
	at org.springframework.web.servlet.DispatcherServlet.doService(DispatcherServlet.java:978) ~[spring-webmvc-6.2.3.jar:6.2.3]
	at org.springframework.web.servlet.FrameworkServlet.processRequest(FrameworkServlet.java:1014) ~[spring-webmvc-6.2.3.jar:6.2.3]
	at org.springframework.web.servlet.FrameworkServlet.doPost(FrameworkServlet.java:914) ~[spring-webmvc-6.2.3.jar:6.2.3]
	at jakarta.servlet.http.HttpServlet.service(HttpServlet.java:590) ~[tomcat-embed-core-10.1.36.jar:6.0]
	at org.springframework.web.servlet.FrameworkServlet.service(FrameworkServlet.java:885) ~[spring-webmvc-6.2.3.jar:6.2.3]
	at jakarta.servlet.http.HttpServlet.service(HttpServlet.java:658) ~[tomcat-embed-core-10.1.36.jar:6.0]
	at org.apache.catalina.core.ApplicationFilterChain.internalDoFilter(ApplicationFilterChain.java:195) ~[tomcat-embed-core-10.1.36.jar:10.1.36]
	at org.apache.catalina.core.ApplicationFilterChain.doFilter(ApplicationFilterChain.java:140) ~[tomcat-embed-core-10.1.36.jar:10.1.36]
	at org.apache.tomcat.websocket.server.WsFilter.doFilter(WsFilter.java:51) ~[tomcat-embed-websocket-10.1.36.jar:10.1.36]
	at org.apache.catalina.core.ApplicationFilterChain.internalDoFilter(ApplicationFilterChain.java:164) ~[tomcat-embed-core-10.1.36.jar:10.1.36]
	at org.apache.catalina.core.ApplicationFilterChain.doFilter(ApplicationFilterChain.java:140) ~[tomcat-embed-core-10.1.36.jar:10.1.36]
	at org.springframework.web.filter.RequestContextFilter.doFilterInternal(RequestContextFilter.java:100) ~[spring-web-6.2.3.jar:6.2.3]
	at org.springframework.web.filter.OncePerRequestFilter.doFilter(OncePerRequestFilter.java:116) ~[spring-web-6.2.3.jar:6.2.3]
	at org.apache.catalina.core.ApplicationFilterChain.internalDoFilter(ApplicationFilterChain.java:164) ~[tomcat-embed-core-10.1.36.jar:10.1.36]
	at org.apache.catalina.core.ApplicationFilterChain.doFilter(ApplicationFilterChain.java:140) ~[tomcat-embed-core-10.1.36.jar:10.1.36]
	at org.springframework.web.filter.FormContentFilter.doFilterInternal(FormContentFilter.java:93) ~[spring-web-6.2.3.jar:6.2.3]
	at org.springframework.web.filter.OncePerRequestFilter.doFilter(OncePerRequestFilter.java:116) ~[spring-web-6.2.3.jar:6.2.3]
	at org.apache.catalina.core.ApplicationFilterChain.internalDoFilter(ApplicationFilterChain.java:164) ~[tomcat-embed-core-10.1.36.jar:10.1.36]
	at org.apache.catalina.core.ApplicationFilterChain.doFilter(ApplicationFilterChain.java:140) ~[tomcat-embed-core-10.1.36.jar:10.1.36]
	at org.springframework.web.filter.CharacterEncodingFilter.doFilterInternal(CharacterEncodingFilter.java:201) ~[spring-web-6.2.3.jar:6.2.3]
	at org.springframework.web.filter.OncePerRequestFilter.doFilter(OncePerRequestFilter.java:116) ~[spring-web-6.2.3.jar:6.2.3]
	at org.apache.catalina.core.ApplicationFilterChain.internalDoFilter(ApplicationFilterChain.java:164) ~[tomcat-embed-core-10.1.36.jar:10.1.36]
	at org.apache.catalina.core.ApplicationFilterChain.doFilter(ApplicationFilterChain.java:140) ~[tomcat-embed-core-10.1.36.jar:10.1.36]
	at org.apache.catalina.core.StandardWrapperValve.invoke(StandardWrapperValve.java:167) ~[tomcat-embed-core-10.1.36.jar:10.1.36]
	at org.apache.catalina.core.StandardContextValve.invoke(StandardContextValve.java:90) ~[tomcat-embed-core-10.1.36.jar:10.1.36]
	at org.apache.catalina.authenticator.AuthenticatorBase.invoke(AuthenticatorBase.java:483) ~[tomcat-embed-core-10.1.36.jar:10.1.36]
	at org.apache.catalina.core.StandardHostValve.invoke(StandardHostValve.java:115) ~[tomcat-embed-core-10.1.36.jar:10.1.36]
	at org.apache.catalina.valves.ErrorReportValve.invoke(ErrorReportValve.java:93) ~[tomcat-embed-core-10.1.36.jar:10.1.36]
	at org.apache.catalina.core.StandardEngineValve.invoke(StandardEngineValve.java:74) ~[tomcat-embed-core-10.1.36.jar:10.1.36]
	at org.apache.catalina.connector.CoyoteAdapter.service(CoyoteAdapter.java:344) ~[tomcat-embed-core-10.1.36.jar:10.1.36]
	at org.apache.coyote.http11.Http11Processor.service(Http11Processor.java:397) ~[tomcat-embed-core-10.1.36.jar:10.1.36]
	at org.apache.coyote.AbstractProcessorLight.process(AbstractProcessorLight.java:63) ~[tomcat-embed-core-10.1.36.jar:10.1.36]
	at org.apache.coyote.AbstractProtocol$ConnectionHandler.process(AbstractProtocol.java:905) ~[tomcat-embed-core-10.1.36.jar:10.1.36]
	at org.apache.tomcat.util.net.NioEndpoint$SocketProcessor.doRun(NioEndpoint.java:1743) ~[tomcat-embed-core-10.1.36.jar:10.1.36]
	at org.apache.tomcat.util.net.SocketProcessorBase.run(SocketProcessorBase.java:52) ~[tomcat-embed-core-10.1.36.jar:10.1.36]
	at org.apache.tomcat.util.threads.ThreadPoolExecutor.runWorker(ThreadPoolExecutor.java:1190) ~[tomcat-embed-core-10.1.36.jar:10.1.36]
	at org.apache.tomcat.util.threads.ThreadPoolExecutor$Worker.run(ThreadPoolExecutor.java:659) ~[tomcat-embed-core-10.1.36.jar:10.1.36]
	at org.apache.tomcat.util.threads.TaskThread$WrappingRunnable.run(TaskThread.java:63) ~[tomcat-embed-core-10.1.36.jar:10.1.36]
	at java.base/java.lang.Thread.run(Thread.java:1570) ~[na:na]

2025-03-24T17:23:31.445+08:00  INFO 16852 --- [mySpringbootProject] [SpringApplicationShutdownHook] o.s.b.w.e.tomcat.GracefulShutdown        : Commencing graceful shutdown. Waiting for active requests to complete
2025-03-24T17:23:31.452+08:00  INFO 16852 --- [mySpringbootProject] [tomcat-shutdown] o.s.b.w.e.tomcat.GracefulShutdown        : Graceful shutdown complete
2025-03-24T17:23:31.481+08:00  INFO 16852 --- [mySpringbootProject] [SpringApplicationShutdownHook] com.zaxxer.hikari.HikariDataSource       : HikariPool-1 - Shutdown initiated...
2025-03-24T17:23:31.492+08:00  INFO 16852 --- [mySpringbootProject] [SpringApplicationShutdownHook] com.zaxxer.hikari.HikariDataSource       : HikariPool-1 - Shutdown completed.
2025-03-24T17:23:38.574+08:00  INFO 22760 --- [mySpringbootProject] [restartedMain] o.e.MySpringbootProjectApplication       : Starting MySpringbootProjectApplication using Java 22.0.2 with PID 22760 (C:\Users\马冲\Desktop\MySpringBoot\MySpringbootProject\target\classes started by 马冲 in C:\Users\马冲\Desktop\MySpringBoot\MySpringbootProject)
2025-03-24T17:23:38.576+08:00 DEBUG 22760 --- [mySpringbootProject] [restartedMain] o.e.MySpringbootProjectApplication       : Running with Spring Boot v3.4.3, Spring v6.2.3
2025-03-24T17:23:38.577+08:00  INFO 22760 --- [mySpringbootProject] [restartedMain] o.e.MySpringbootProjectApplication       : No active profile set, falling back to 1 default profile: "default"
2025-03-24T17:23:38.643+08:00  INFO 22760 --- [mySpringbootProject] [restartedMain] .e.DevToolsPropertyDefaultsPostProcessor : Devtools property defaults active! Set 'spring.devtools.add-properties' to 'false' to disable
2025-03-24T17:23:38.644+08:00  INFO 22760 --- [mySpringbootProject] [restartedMain] .e.DevToolsPropertyDefaultsPostProcessor : For additional web related logging consider setting the 'logging.level.web' property to 'DEBUG'
2025-03-24T17:23:39.925+08:00  INFO 22760 --- [mySpringbootProject] [restartedMain] .s.d.r.c.RepositoryConfigurationDelegate : Multiple Spring Data modules found, entering strict repository configuration mode
2025-03-24T17:23:39.928+08:00  INFO 22760 --- [mySpringbootProject] [restartedMain] .s.d.r.c.RepositoryConfigurationDelegate : Bootstrapping Spring Data Redis repositories in DEFAULT mode.
2025-03-24T17:23:39.971+08:00  INFO 22760 --- [mySpringbootProject] [restartedMain] .s.d.r.c.RepositoryConfigurationDelegate : Finished Spring Data repository scanning in 19 ms. Found 0 Redis repository interfaces.
2025-03-24T17:23:40.828+08:00  INFO 22760 --- [mySpringbootProject] [restartedMain] o.s.b.w.embedded.tomcat.TomcatWebServer  : Tomcat initialized with port 8081 (http)
2025-03-24T17:23:40.850+08:00  INFO 22760 --- [mySpringbootProject] [restartedMain] o.apache.catalina.core.StandardService   : Starting service [Tomcat]
2025-03-24T17:23:40.850+08:00  INFO 22760 --- [mySpringbootProject] [restartedMain] o.apache.catalina.core.StandardEngine    : Starting Servlet engine: [Apache Tomcat/10.1.36]
2025-03-24T17:23:40.909+08:00  INFO 22760 --- [mySpringbootProject] [restartedMain] o.a.c.c.C.[Tomcat].[localhost].[/]       : Initializing Spring embedded WebApplicationContext
2025-03-24T17:23:40.910+08:00  INFO 22760 --- [mySpringbootProject] [restartedMain] w.s.c.ServletWebServerApplicationContext : Root WebApplicationContext: initialization completed in 2266 ms
2025-03-24T17:23:42.589+08:00  INFO 22760 --- [mySpringbootProject] [restartedMain] o.s.b.d.a.OptionalLiveReloadServer       : LiveReload server is running on port 35729
2025-03-24T17:23:42.630+08:00  INFO 22760 --- [mySpringbootProject] [restartedMain] o.s.b.w.embedded.tomcat.TomcatWebServer  : Tomcat started on port 8081 (http) with context path '/'
2025-03-24T17:23:42.642+08:00  INFO 22760 --- [mySpringbootProject] [restartedMain] o.e.MySpringbootProjectApplication       : Started MySpringbootProjectApplication in 5.062 seconds (process running for 6.17)
2025-03-24T17:23:53.515+08:00  INFO 22760 --- [mySpringbootProject] [http-nio-8081-exec-1] o.a.c.c.C.[Tomcat].[localhost].[/]       : Initializing Spring DispatcherServlet 'dispatcherServlet'
2025-03-24T17:23:53.515+08:00  INFO 22760 --- [mySpringbootProject] [http-nio-8081-exec-1] o.s.web.servlet.DispatcherServlet        : Initializing Servlet 'dispatcherServlet'
2025-03-24T17:23:53.516+08:00  INFO 22760 --- [mySpringbootProject] [http-nio-8081-exec-1] o.s.web.servlet.DispatcherServlet        : Completed initialization in 1 ms
2025-03-24T17:23:53.648+08:00  INFO 22760 --- [mySpringbootProject] [http-nio-8081-exec-1] com.zaxxer.hikari.HikariDataSource       : HikariPool-1 - Starting...
2025-03-24T17:23:54.162+08:00  INFO 22760 --- [mySpringbootProject] [http-nio-8081-exec-1] com.zaxxer.hikari.pool.HikariPool        : HikariPool-1 - Added connection com.mysql.cj.jdbc.ConnectionImpl@75f99436
2025-03-24T17:23:54.164+08:00  INFO 22760 --- [mySpringbootProject] [http-nio-8081-exec-1] com.zaxxer.hikari.HikariDataSource       : HikariPool-1 - Start completed.
2025-03-24T17:25:52.033+08:00  INFO 22760 --- [mySpringbootProject] [File Watcher] rtingClassPathChangeChangedEventListener : Restarting due to 1 class path change (0 additions, 0 deletions, 1 modification)
2025-03-24T17:25:52.037+08:00  INFO 22760 --- [mySpringbootProject] [Thread-5] o.s.b.w.e.tomcat.GracefulShutdown        : Commencing graceful shutdown. Waiting for active requests to complete
2025-03-24T17:25:52.043+08:00  INFO 22760 --- [mySpringbootProject] [tomcat-shutdown] o.s.b.w.e.tomcat.GracefulShutdown        : Graceful shutdown complete
2025-03-24T17:25:52.067+08:00  INFO 22760 --- [mySpringbootProject] [Thread-5] com.zaxxer.hikari.HikariDataSource       : HikariPool-1 - Shutdown initiated...
2025-03-24T17:25:52.085+08:00  INFO 22760 --- [mySpringbootProject] [Thread-5] com.zaxxer.hikari.HikariDataSource       : HikariPool-1 - Shutdown completed.
2025-03-24T17:25:52.212+08:00  INFO 22760 --- [mySpringbootProject] [restartedMain] o.e.MySpringbootProjectApplication       : Starting MySpringbootProjectApplication using Java 22.0.2 with PID 22760 (C:\Users\马冲\Desktop\MySpringBoot\MySpringbootProject\target\classes started by 马冲 in C:\Users\马冲\Desktop\MySpringBoot\MySpringbootProject)
2025-03-24T17:25:52.213+08:00 DEBUG 22760 --- [mySpringbootProject] [restartedMain] o.e.MySpringbootProjectApplication       : Running with Spring Boot v3.4.3, Spring v6.2.3
2025-03-24T17:25:52.213+08:00  INFO 22760 --- [mySpringbootProject] [restartedMain] o.e.MySpringbootProjectApplication       : No active profile set, falling back to 1 default profile: "default"
2025-03-24T17:25:52.729+08:00  INFO 22760 --- [mySpringbootProject] [restartedMain] .s.d.r.c.RepositoryConfigurationDelegate : Multiple Spring Data modules found, entering strict repository configuration mode
2025-03-24T17:25:52.730+08:00  INFO 22760 --- [mySpringbootProject] [restartedMain] .s.d.r.c.RepositoryConfigurationDelegate : Bootstrapping Spring Data Redis repositories in DEFAULT mode.
2025-03-24T17:25:52.745+08:00  INFO 22760 --- [mySpringbootProject] [restartedMain] .s.d.r.c.RepositoryConfigurationDelegate : Finished Spring Data repository scanning in 4 ms. Found 0 Redis repository interfaces.
2025-03-24T17:25:52.914+08:00  INFO 22760 --- [mySpringbootProject] [restartedMain] o.s.b.w.embedded.tomcat.TomcatWebServer  : Tomcat initialized with port 8081 (http)
2025-03-24T17:25:52.923+08:00  INFO 22760 --- [mySpringbootProject] [restartedMain] o.apache.catalina.core.StandardService   : Starting service [Tomcat]
2025-03-24T17:25:52.923+08:00  INFO 22760 --- [mySpringbootProject] [restartedMain] o.apache.catalina.core.StandardEngine    : Starting Servlet engine: [Apache Tomcat/10.1.36]
2025-03-24T17:25:52.967+08:00  INFO 22760 --- [mySpringbootProject] [restartedMain] o.a.c.c.C.[Tomcat].[localhost].[/]       : Initializing Spring embedded WebApplicationContext
2025-03-24T17:25:52.967+08:00  INFO 22760 --- [mySpringbootProject] [restartedMain] w.s.c.ServletWebServerApplicationContext : Root WebApplicationContext: initialization completed in 748 ms
2025-03-24T17:25:53.002+08:00  WARN 22760 --- [mySpringbootProject] [restartedMain] ConfigServletWebServerApplicationContext : Exception encountered during context initialization - cancelling refresh attempt: org.springframework.beans.factory.UnsatisfiedDependencyException: Error creating bean with name 'userController': Unsatisfied dependency expressed through field 'userService': No qualifying bean of type 'org.example.service.UserService' available: expected at least 1 bean which qualifies as autowire candidate. Dependency annotations: {@org.springframework.beans.factory.annotation.Autowired(required=true)}
2025-03-24T17:25:53.005+08:00  INFO 22760 --- [mySpringbootProject] [restartedMain] o.apache.catalina.core.StandardService   : Stopping service [Tomcat]
2025-03-24T17:25:53.013+08:00  INFO 22760 --- [mySpringbootProject] [restartedMain] .s.b.a.l.ConditionEvaluationReportLogger : 

Error starting ApplicationContext. To display the condition evaluation report re-run your application with 'debug' enabled.
2025-03-24T17:25:53.047+08:00 ERROR 22760 --- [mySpringbootProject] [restartedMain] o.s.b.d.LoggingFailureAnalysisReporter   : 

***************************
APPLICATION FAILED TO START
***************************

Description:

Field userService in org.example.controller.UserController required a bean of type 'org.example.service.UserService' that could not be found.

The injection point has the following annotations:
	- @org.springframework.beans.factory.annotation.Autowired(required=true)


Action:

Consider defining a bean of type 'org.example.service.UserService' in your configuration.

2025-03-24T17:25:54.546+08:00  INFO 22760 --- [mySpringbootProject] [restartedMain] o.e.MySpringbootProjectApplication       : Starting MySpringbootProjectApplication using Java 22.0.2 with PID 22760 (C:\Users\马冲\Desktop\MySpringBoot\MySpringbootProject\target\classes started by 马冲 in C:\Users\马冲\Desktop\MySpringBoot\MySpringbootProject)
2025-03-24T17:25:54.547+08:00 DEBUG 22760 --- [mySpringbootProject] [restartedMain] o.e.MySpringbootProjectApplication       : Running with Spring Boot v3.4.3, Spring v6.2.3
2025-03-24T17:25:54.547+08:00  INFO 22760 --- [mySpringbootProject] [restartedMain] o.e.MySpringbootProjectApplication       : No active profile set, falling back to 1 default profile: "default"
2025-03-24T17:25:54.862+08:00  INFO 22760 --- [mySpringbootProject] [restartedMain] .s.d.r.c.RepositoryConfigurationDelegate : Multiple Spring Data modules found, entering strict repository configuration mode
2025-03-24T17:25:54.862+08:00  INFO 22760 --- [mySpringbootProject] [restartedMain] .s.d.r.c.RepositoryConfigurationDelegate : Bootstrapping Spring Data Redis repositories in DEFAULT mode.
2025-03-24T17:25:54.870+08:00  INFO 22760 --- [mySpringbootProject] [restartedMain] .s.d.r.c.RepositoryConfigurationDelegate : Finished Spring Data repository scanning in 5 ms. Found 0 Redis repository interfaces.
2025-03-24T17:25:54.971+08:00  INFO 22760 --- [mySpringbootProject] [restartedMain] o.s.b.w.embedded.tomcat.TomcatWebServer  : Tomcat initialized with port 8081 (http)
2025-03-24T17:25:54.972+08:00  INFO 22760 --- [mySpringbootProject] [restartedMain] o.apache.catalina.core.StandardService   : Starting service [Tomcat]
2025-03-24T17:25:54.973+08:00  INFO 22760 --- [mySpringbootProject] [restartedMain] o.apache.catalina.core.StandardEngine    : Starting Servlet engine: [Apache Tomcat/10.1.36]
2025-03-24T17:25:55.005+08:00  INFO 22760 --- [mySpringbootProject] [restartedMain] o.a.c.c.C.[Tomcat-1].[localhost].[/]     : Initializing Spring embedded WebApplicationContext
2025-03-24T17:25:55.005+08:00  INFO 22760 --- [mySpringbootProject] [restartedMain] w.s.c.ServletWebServerApplicationContext : Root WebApplicationContext: initialization completed in 455 ms
2025-03-24T17:25:55.020+08:00  WARN 22760 --- [mySpringbootProject] [restartedMain] ConfigServletWebServerApplicationContext : Exception encountered during context initialization - cancelling refresh attempt: org.springframework.beans.factory.UnsatisfiedDependencyException: Error creating bean with name 'userController': Unsatisfied dependency expressed through field 'userService': No qualifying bean of type 'org.example.service.UserService' available: expected at least 1 bean which qualifies as autowire candidate. Dependency annotations: {@org.springframework.beans.factory.annotation.Autowired(required=true)}
2025-03-24T17:25:55.021+08:00  INFO 22760 --- [mySpringbootProject] [restartedMain] o.apache.catalina.core.StandardService   : Stopping service [Tomcat]
2025-03-24T17:25:55.026+08:00  INFO 22760 --- [mySpringbootProject] [restartedMain] .s.b.a.l.ConditionEvaluationReportLogger : 

Error starting ApplicationContext. To display the condition evaluation report re-run your application with 'debug' enabled.
2025-03-24T17:25:55.031+08:00 ERROR 22760 --- [mySpringbootProject] [restartedMain] o.s.b.d.LoggingFailureAnalysisReporter   : 

***************************
APPLICATION FAILED TO START
***************************

Description:

Field userService in org.example.controller.UserController required a bean of type 'org.example.service.UserService' that could not be found.

The injection point has the following annotations:
	- @org.springframework.beans.factory.annotation.Autowired(required=true)


Action:

Consider defining a bean of type 'org.example.service.UserService' in your configuration.

2025-03-24T17:25:56.519+08:00  INFO 22760 --- [mySpringbootProject] [restartedMain] o.e.MySpringbootProjectApplication       : Starting MySpringbootProjectApplication using Java 22.0.2 with PID 22760 (C:\Users\马冲\Desktop\MySpringBoot\MySpringbootProject\target\classes started by 马冲 in C:\Users\马冲\Desktop\MySpringBoot\MySpringbootProject)
2025-03-24T17:25:56.519+08:00 DEBUG 22760 --- [mySpringbootProject] [restartedMain] o.e.MySpringbootProjectApplication       : Running with Spring Boot v3.4.3, Spring v6.2.3
2025-03-24T17:25:56.519+08:00  INFO 22760 --- [mySpringbootProject] [restartedMain] o.e.MySpringbootProjectApplication       : No active profile set, falling back to 1 default profile: "default"
2025-03-24T17:25:56.891+08:00  INFO 22760 --- [mySpringbootProject] [restartedMain] .s.d.r.c.RepositoryConfigurationDelegate : Multiple Spring Data modules found, entering strict repository configuration mode
2025-03-24T17:25:56.892+08:00  INFO 22760 --- [mySpringbootProject] [restartedMain] .s.d.r.c.RepositoryConfigurationDelegate : Bootstrapping Spring Data Redis repositories in DEFAULT mode.
2025-03-24T17:25:56.902+08:00  INFO 22760 --- [mySpringbootProject] [restartedMain] .s.d.r.c.RepositoryConfigurationDelegate : Finished Spring Data repository scanning in 8 ms. Found 0 Redis repository interfaces.
2025-03-24T17:25:57.040+08:00  INFO 22760 --- [mySpringbootProject] [restartedMain] o.s.b.w.embedded.tomcat.TomcatWebServer  : Tomcat initialized with port 8081 (http)
2025-03-24T17:25:57.041+08:00  INFO 22760 --- [mySpringbootProject] [restartedMain] o.apache.catalina.core.StandardService   : Starting service [Tomcat]
2025-03-24T17:25:57.042+08:00  INFO 22760 --- [mySpringbootProject] [restartedMain] o.apache.catalina.core.StandardEngine    : Starting Servlet engine: [Apache Tomcat/10.1.36]
2025-03-24T17:25:57.065+08:00  INFO 22760 --- [mySpringbootProject] [restartedMain] o.a.c.c.C.[Tomcat-2].[localhost].[/]     : Initializing Spring embedded WebApplicationContext
2025-03-24T17:25:57.065+08:00  INFO 22760 --- [mySpringbootProject] [restartedMain] w.s.c.ServletWebServerApplicationContext : Root WebApplicationContext: initialization completed in 543 ms
2025-03-24T17:25:57.369+08:00  INFO 22760 --- [mySpringbootProject] [restartedMain] o.s.b.d.a.OptionalLiveReloadServer       : LiveReload server is running on port 35729
2025-03-24T17:25:57.390+08:00  INFO 22760 --- [mySpringbootProject] [restartedMain] o.s.b.w.embedded.tomcat.TomcatWebServer  : Tomcat started on port 8081 (http) with context path '/'
2025-03-24T17:25:57.393+08:00  INFO 22760 --- [mySpringbootProject] [restartedMain] o.e.MySpringbootProjectApplication       : Started MySpringbootProjectApplication in 0.929 seconds (process running for 140.922)
2025-03-24T17:25:57.395+08:00  INFO 22760 --- [mySpringbootProject] [restartedMain] .ConditionEvaluationDeltaLoggingListener : Condition evaluation unchanged
2025-03-24T17:30:06.998+08:00  INFO 22760 --- [mySpringbootProject] [File Watcher] rtingClassPathChangeChangedEventListener : Restarting due to 1 class path change (0 additions, 0 deletions, 1 modification)
2025-03-24T17:30:07.001+08:00  INFO 22760 --- [mySpringbootProject] [Thread-7] o.s.b.w.e.tomcat.GracefulShutdown        : Commencing graceful shutdown. Waiting for active requests to complete
2025-03-24T17:30:07.004+08:00  INFO 22760 --- [mySpringbootProject] [tomcat-shutdown] o.s.b.w.e.tomcat.GracefulShutdown        : Graceful shutdown complete
2025-03-24T17:30:07.121+08:00  INFO 22760 --- [mySpringbootProject] [restartedMain] o.e.MySpringbootProjectApplication       : Starting MySpringbootProjectApplication using Java 22.0.2 with PID 22760 (C:\Users\马冲\Desktop\MySpringBoot\MySpringbootProject\target\classes started by 马冲 in C:\Users\马冲\Desktop\MySpringBoot\MySpringbootProject)
2025-03-24T17:30:07.122+08:00 DEBUG 22760 --- [mySpringbootProject] [restartedMain] o.e.MySpringbootProjectApplication       : Running with Spring Boot v3.4.3, Spring v6.2.3
2025-03-24T17:30:07.123+08:00  INFO 22760 --- [mySpringbootProject] [restartedMain] o.e.MySpringbootProjectApplication       : No active profile set, falling back to 1 default profile: "default"
2025-03-24T17:30:07.455+08:00  INFO 22760 --- [mySpringbootProject] [restartedMain] .s.d.r.c.RepositoryConfigurationDelegate : Multiple Spring Data modules found, entering strict repository configuration mode
2025-03-24T17:30:07.456+08:00  INFO 22760 --- [mySpringbootProject] [restartedMain] .s.d.r.c.RepositoryConfigurationDelegate : Bootstrapping Spring Data Redis repositories in DEFAULT mode.
2025-03-24T17:30:07.463+08:00  INFO 22760 --- [mySpringbootProject] [restartedMain] .s.d.r.c.RepositoryConfigurationDelegate : Finished Spring Data repository scanning in 4 ms. Found 0 Redis repository interfaces.
2025-03-24T17:30:07.607+08:00  INFO 22760 --- [mySpringbootProject] [restartedMain] o.s.b.w.embedded.tomcat.TomcatWebServer  : Tomcat initialized with port 8081 (http)
2025-03-24T17:30:07.610+08:00  INFO 22760 --- [mySpringbootProject] [restartedMain] o.apache.catalina.core.StandardService   : Starting service [Tomcat]
2025-03-24T17:30:07.610+08:00  INFO 22760 --- [mySpringbootProject] [restartedMain] o.apache.catalina.core.StandardEngine    : Starting Servlet engine: [Apache Tomcat/10.1.36]
2025-03-24T17:30:07.634+08:00  INFO 22760 --- [mySpringbootProject] [restartedMain] o.a.c.c.C.[Tomcat-2].[localhost].[/]     : Initializing Spring embedded WebApplicationContext
2025-03-24T17:30:07.634+08:00  INFO 22760 --- [mySpringbootProject] [restartedMain] w.s.c.ServletWebServerApplicationContext : Root WebApplicationContext: initialization completed in 508 ms
2025-03-24T17:30:07.651+08:00  WARN 22760 --- [mySpringbootProject] [restartedMain] ConfigServletWebServerApplicationContext : Exception encountered during context initialization - cancelling refresh attempt: org.springframework.beans.factory.BeanCreationException: Error creating bean with name 'userController' defined in file [C:\Users\马冲\Desktop\MySpringBoot\MySpringbootProject\target\classes\org\example\controller\UserController.class]: Post-processing of merged bean definition failed
2025-03-24T17:30:07.652+08:00  INFO 22760 --- [mySpringbootProject] [restartedMain] o.apache.catalina.core.StandardService   : Stopping service [Tomcat]
2025-03-24T17:30:07.661+08:00  INFO 22760 --- [mySpringbootProject] [restartedMain] .s.b.a.l.ConditionEvaluationReportLogger : 

Error starting ApplicationContext. To display the condition evaluation report re-run your application with 'debug' enabled.
2025-03-24T17:30:07.667+08:00 ERROR 22760 --- [mySpringbootProject] [restartedMain] o.s.boot.SpringApplication               : Application run failed

org.springframework.beans.factory.BeanCreationException: Error creating bean with name 'userController' defined in file [C:\Users\马冲\Desktop\MySpringBoot\MySpringbootProject\target\classes\org\example\controller\UserController.class]: Post-processing of merged bean definition failed
	at org.springframework.beans.factory.support.AbstractAutowireCapableBeanFactory.doCreateBean(AbstractAutowireCapableBeanFactory.java:578) ~[spring-beans-6.2.3.jar:6.2.3]
	at org.springframework.beans.factory.support.AbstractAutowireCapableBeanFactory.createBean(AbstractAutowireCapableBeanFactory.java:523) ~[spring-beans-6.2.3.jar:6.2.3]
	at org.springframework.beans.factory.support.AbstractBeanFactory.lambda$doGetBean$0(AbstractBeanFactory.java:339) ~[spring-beans-6.2.3.jar:6.2.3]
	at org.springframework.beans.factory.support.DefaultSingletonBeanRegistry.getSingleton(DefaultSingletonBeanRegistry.java:346) ~[spring-beans-6.2.3.jar:6.2.3]
	at org.springframework.beans.factory.support.AbstractBeanFactory.doGetBean(AbstractBeanFactory.java:337) ~[spring-beans-6.2.3.jar:6.2.3]
	at org.springframework.beans.factory.support.AbstractBeanFactory.getBean(AbstractBeanFactory.java:202) ~[spring-beans-6.2.3.jar:6.2.3]
	at org.springframework.beans.factory.support.DefaultListableBeanFactory.instantiateSingleton(DefaultListableBeanFactory.java:1155) ~[spring-beans-6.2.3.jar:6.2.3]
	at org.springframework.beans.factory.support.DefaultListableBeanFactory.preInstantiateSingleton(DefaultListableBeanFactory.java:1121) ~[spring-beans-6.2.3.jar:6.2.3]
	at org.springframework.beans.factory.support.DefaultListableBeanFactory.preInstantiateSingletons(DefaultListableBeanFactory.java:1056) ~[spring-beans-6.2.3.jar:6.2.3]
	at org.springframework.context.support.AbstractApplicationContext.finishBeanFactoryInitialization(AbstractApplicationContext.java:987) ~[spring-context-6.2.3.jar:6.2.3]
	at org.springframework.context.support.AbstractApplicationContext.refresh(AbstractApplicationContext.java:627) ~[spring-context-6.2.3.jar:6.2.3]
	at org.springframework.boot.web.servlet.context.ServletWebServerApplicationContext.refresh(ServletWebServerApplicationContext.java:146) ~[spring-boot-3.4.3.jar:3.4.3]
	at org.springframework.boot.SpringApplication.refresh(SpringApplication.java:752) ~[spring-boot-3.4.3.jar:3.4.3]
	at org.springframework.boot.SpringApplication.refreshContext(SpringApplication.java:439) ~[spring-boot-3.4.3.jar:3.4.3]
	at org.springframework.boot.SpringApplication.run(SpringApplication.java:318) ~[spring-boot-3.4.3.jar:3.4.3]
	at org.springframework.boot.SpringApplication.run(SpringApplication.java:1361) ~[spring-boot-3.4.3.jar:3.4.3]
	at org.springframework.boot.SpringApplication.run(SpringApplication.java:1350) ~[spring-boot-3.4.3.jar:3.4.3]
	at org.example.MySpringbootProjectApplication.main(MySpringbootProjectApplication.java:12) ~[classes/:na]
	at java.base/jdk.internal.reflect.DirectMethodHandleAccessor.invoke(DirectMethodHandleAccessor.java:103) ~[na:na]
	at java.base/java.lang.reflect.Method.invoke(Method.java:580) ~[na:na]
	at org.springframework.boot.devtools.restart.RestartLauncher.run(RestartLauncher.java:50) ~[spring-boot-devtools-3.4.3.jar:3.4.3]
Caused by: java.lang.IllegalStateException: Failed to introspect Class [org.example.controller.UserController] from ClassLoader [org.springframework.boot.devtools.restart.classloader.RestartClassLoader@10748803]
	at org.springframework.util.ReflectionUtils.getDeclaredFields(ReflectionUtils.java:756) ~[spring-core-6.2.3.jar:6.2.3]
	at org.springframework.util.ReflectionUtils.doWithLocalFields(ReflectionUtils.java:689) ~[spring-core-6.2.3.jar:6.2.3]
	at org.springframework.context.annotation.CommonAnnotationBeanPostProcessor.buildResourceMetadata(CommonAnnotationBeanPostProcessor.java:432) ~[spring-context-6.2.3.jar:6.2.3]
	at org.springframework.context.annotation.CommonAnnotationBeanPostProcessor.findResourceMetadata(CommonAnnotationBeanPostProcessor.java:413) ~[spring-context-6.2.3.jar:6.2.3]
	at org.springframework.context.annotation.CommonAnnotationBeanPostProcessor.postProcessMergedBeanDefinition(CommonAnnotationBeanPostProcessor.java:313) ~[spring-context-6.2.3.jar:6.2.3]
	at org.springframework.beans.factory.support.AbstractAutowireCapableBeanFactory.applyMergedBeanDefinitionPostProcessors(AbstractAutowireCapableBeanFactory.java:1109) ~[spring-beans-6.2.3.jar:6.2.3]
	at org.springframework.beans.factory.support.AbstractAutowireCapableBeanFactory.doCreateBean(AbstractAutowireCapableBeanFactory.java:575) ~[spring-beans-6.2.3.jar:6.2.3]
	... 20 common frames omitted
Caused by: java.lang.NoClassDefFoundError: org/example/service/UserService
	at java.base/java.lang.Class.getDeclaredFields0(Native Method) ~[na:na]
	at java.base/java.lang.Class.privateGetDeclaredFields(Class.java:3496) ~[na:na]
	at java.base/java.lang.Class.getDeclaredFields(Class.java:2552) ~[na:na]
	at org.springframework.util.ReflectionUtils.getDeclaredFields(ReflectionUtils.java:751) ~[spring-core-6.2.3.jar:6.2.3]
	... 26 common frames omitted
Caused by: java.lang.ClassNotFoundException: org.example.service.UserService
	at java.base/jdk.internal.loader.BuiltinClassLoader.loadClass(BuiltinClassLoader.java:641) ~[na:na]
	at java.base/jdk.internal.loader.ClassLoaders$AppClassLoader.loadClass(ClassLoaders.java:188) ~[na:na]
	at java.base/java.lang.ClassLoader.loadClass(ClassLoader.java:525) ~[na:na]
	at java.base/java.lang.Class.forName0(Native Method) ~[na:na]
	at java.base/java.lang.Class.forName(Class.java:529) ~[na:na]
	at java.base/java.lang.Class.forName(Class.java:508) ~[na:na]
	at org.springframework.boot.devtools.restart.classloader.RestartClassLoader.loadClass(RestartClassLoader.java:121) ~[spring-boot-devtools-3.4.3.jar:3.4.3]
	at java.base/java.lang.ClassLoader.loadClass(ClassLoader.java:525) ~[na:na]
	... 30 common frames omitted

2025-03-24T17:30:09.154+08:00  INFO 22760 --- [mySpringbootProject] [restartedMain] o.e.MySpringbootProjectApplication       : Starting MySpringbootProjectApplication using Java 22.0.2 with PID 22760 (C:\Users\马冲\Desktop\MySpringBoot\MySpringbootProject\target\classes started by 马冲 in C:\Users\马冲\Desktop\MySpringBoot\MySpringbootProject)
2025-03-24T17:30:09.155+08:00 DEBUG 22760 --- [mySpringbootProject] [restartedMain] o.e.MySpringbootProjectApplication       : Running with Spring Boot v3.4.3, Spring v6.2.3
2025-03-24T17:30:09.155+08:00  INFO 22760 --- [mySpringbootProject] [restartedMain] o.e.MySpringbootProjectApplication       : No active profile set, falling back to 1 default profile: "default"
2025-03-24T17:30:09.467+08:00  INFO 22760 --- [mySpringbootProject] [restartedMain] .s.d.r.c.RepositoryConfigurationDelegate : Multiple Spring Data modules found, entering strict repository configuration mode
2025-03-24T17:30:09.467+08:00  INFO 22760 --- [mySpringbootProject] [restartedMain] .s.d.r.c.RepositoryConfigurationDelegate : Bootstrapping Spring Data Redis repositories in DEFAULT mode.
2025-03-24T17:30:09.473+08:00  INFO 22760 --- [mySpringbootProject] [restartedMain] .s.d.r.c.RepositoryConfigurationDelegate : Finished Spring Data repository scanning in 5 ms. Found 0 Redis repository interfaces.
2025-03-24T17:30:09.598+08:00  INFO 22760 --- [mySpringbootProject] [restartedMain] o.s.b.w.embedded.tomcat.TomcatWebServer  : Tomcat initialized with port 8081 (http)
2025-03-24T17:30:09.599+08:00  INFO 22760 --- [mySpringbootProject] [restartedMain] o.apache.catalina.core.StandardService   : Starting service [Tomcat]
2025-03-24T17:30:09.599+08:00  INFO 22760 --- [mySpringbootProject] [restartedMain] o.apache.catalina.core.StandardEngine    : Starting Servlet engine: [Apache Tomcat/10.1.36]
2025-03-24T17:30:09.656+08:00  INFO 22760 --- [mySpringbootProject] [restartedMain] o.a.c.c.C.[Tomcat-3].[localhost].[/]     : Initializing Spring embedded WebApplicationContext
2025-03-24T17:30:09.657+08:00  INFO 22760 --- [mySpringbootProject] [restartedMain] w.s.c.ServletWebServerApplicationContext : Root WebApplicationContext: initialization completed in 499 ms
2025-03-24T17:30:09.670+08:00  WARN 22760 --- [mySpringbootProject] [restartedMain] ConfigServletWebServerApplicationContext : Exception encountered during context initialization - cancelling refresh attempt: org.springframework.beans.factory.BeanCreationException: Error creating bean with name 'userController' defined in file [C:\Users\马冲\Desktop\MySpringBoot\MySpringbootProject\target\classes\org\example\controller\UserController.class]: Post-processing of merged bean definition failed
2025-03-24T17:30:09.671+08:00  INFO 22760 --- [mySpringbootProject] [restartedMain] o.apache.catalina.core.StandardService   : Stopping service [Tomcat]
2025-03-24T17:30:09.689+08:00  INFO 22760 --- [mySpringbootProject] [restartedMain] .s.b.a.l.ConditionEvaluationReportLogger : 

Error starting ApplicationContext. To display the condition evaluation report re-run your application with 'debug' enabled.
2025-03-24T17:30:09.711+08:00 ERROR 22760 --- [mySpringbootProject] [restartedMain] o.s.boot.SpringApplication               : Application run failed

org.springframework.beans.factory.BeanCreationException: Error creating bean with name 'userController' defined in file [C:\Users\马冲\Desktop\MySpringBoot\MySpringbootProject\target\classes\org\example\controller\UserController.class]: Post-processing of merged bean definition failed
	at org.springframework.beans.factory.support.AbstractAutowireCapableBeanFactory.doCreateBean(AbstractAutowireCapableBeanFactory.java:578) ~[spring-beans-6.2.3.jar:6.2.3]
	at org.springframework.beans.factory.support.AbstractAutowireCapableBeanFactory.createBean(AbstractAutowireCapableBeanFactory.java:523) ~[spring-beans-6.2.3.jar:6.2.3]
	at org.springframework.beans.factory.support.AbstractBeanFactory.lambda$doGetBean$0(AbstractBeanFactory.java:339) ~[spring-beans-6.2.3.jar:6.2.3]
	at org.springframework.beans.factory.support.DefaultSingletonBeanRegistry.getSingleton(DefaultSingletonBeanRegistry.java:346) ~[spring-beans-6.2.3.jar:6.2.3]
	at org.springframework.beans.factory.support.AbstractBeanFactory.doGetBean(AbstractBeanFactory.java:337) ~[spring-beans-6.2.3.jar:6.2.3]
	at org.springframework.beans.factory.support.AbstractBeanFactory.getBean(AbstractBeanFactory.java:202) ~[spring-beans-6.2.3.jar:6.2.3]
	at org.springframework.beans.factory.support.DefaultListableBeanFactory.instantiateSingleton(DefaultListableBeanFactory.java:1155) ~[spring-beans-6.2.3.jar:6.2.3]
	at org.springframework.beans.factory.support.DefaultListableBeanFactory.preInstantiateSingleton(DefaultListableBeanFactory.java:1121) ~[spring-beans-6.2.3.jar:6.2.3]
	at org.springframework.beans.factory.support.DefaultListableBeanFactory.preInstantiateSingletons(DefaultListableBeanFactory.java:1056) ~[spring-beans-6.2.3.jar:6.2.3]
	at org.springframework.context.support.AbstractApplicationContext.finishBeanFactoryInitialization(AbstractApplicationContext.java:987) ~[spring-context-6.2.3.jar:6.2.3]
	at org.springframework.context.support.AbstractApplicationContext.refresh(AbstractApplicationContext.java:627) ~[spring-context-6.2.3.jar:6.2.3]
	at org.springframework.boot.web.servlet.context.ServletWebServerApplicationContext.refresh(ServletWebServerApplicationContext.java:146) ~[spring-boot-3.4.3.jar:3.4.3]
	at org.springframework.boot.SpringApplication.refresh(SpringApplication.java:752) ~[spring-boot-3.4.3.jar:3.4.3]
	at org.springframework.boot.SpringApplication.refreshContext(SpringApplication.java:439) ~[spring-boot-3.4.3.jar:3.4.3]
	at org.springframework.boot.SpringApplication.run(SpringApplication.java:318) ~[spring-boot-3.4.3.jar:3.4.3]
	at org.springframework.boot.SpringApplication.run(SpringApplication.java:1361) ~[spring-boot-3.4.3.jar:3.4.3]
	at org.springframework.boot.SpringApplication.run(SpringApplication.java:1350) ~[spring-boot-3.4.3.jar:3.4.3]
	at org.example.MySpringbootProjectApplication.main(MySpringbootProjectApplication.java:12) ~[classes/:na]
	at java.base/jdk.internal.reflect.DirectMethodHandleAccessor.invoke(DirectMethodHandleAccessor.java:103) ~[na:na]
	at java.base/java.lang.reflect.Method.invoke(Method.java:580) ~[na:na]
	at org.springframework.boot.devtools.restart.RestartLauncher.run(RestartLauncher.java:50) ~[spring-boot-devtools-3.4.3.jar:3.4.3]
Caused by: java.lang.IllegalStateException: Failed to introspect Class [org.example.controller.UserController] from ClassLoader [org.springframework.boot.devtools.restart.classloader.RestartClassLoader@3c6b961b]
	at org.springframework.util.ReflectionUtils.getDeclaredFields(ReflectionUtils.java:756) ~[spring-core-6.2.3.jar:6.2.3]
	at org.springframework.util.ReflectionUtils.doWithLocalFields(ReflectionUtils.java:689) ~[spring-core-6.2.3.jar:6.2.3]
	at org.springframework.context.annotation.CommonAnnotationBeanPostProcessor.buildResourceMetadata(CommonAnnotationBeanPostProcessor.java:432) ~[spring-context-6.2.3.jar:6.2.3]
	at org.springframework.context.annotation.CommonAnnotationBeanPostProcessor.findResourceMetadata(CommonAnnotationBeanPostProcessor.java:413) ~[spring-context-6.2.3.jar:6.2.3]
	at org.springframework.context.annotation.CommonAnnotationBeanPostProcessor.postProcessMergedBeanDefinition(CommonAnnotationBeanPostProcessor.java:313) ~[spring-context-6.2.3.jar:6.2.3]
	at org.springframework.beans.factory.support.AbstractAutowireCapableBeanFactory.applyMergedBeanDefinitionPostProcessors(AbstractAutowireCapableBeanFactory.java:1109) ~[spring-beans-6.2.3.jar:6.2.3]
	at org.springframework.beans.factory.support.AbstractAutowireCapableBeanFactory.doCreateBean(AbstractAutowireCapableBeanFactory.java:575) ~[spring-beans-6.2.3.jar:6.2.3]
	... 20 common frames omitted
Caused by: java.lang.NoClassDefFoundError: org/example/service/UserService
	at java.base/java.lang.Class.getDeclaredFields0(Native Method) ~[na:na]
	at java.base/java.lang.Class.privateGetDeclaredFields(Class.java:3496) ~[na:na]
	at java.base/java.lang.Class.getDeclaredFields(Class.java:2552) ~[na:na]
	at org.springframework.util.ReflectionUtils.getDeclaredFields(ReflectionUtils.java:751) ~[spring-core-6.2.3.jar:6.2.3]
	... 26 common frames omitted
Caused by: java.lang.ClassNotFoundException: org.example.service.UserService
	at java.base/jdk.internal.loader.BuiltinClassLoader.loadClass(BuiltinClassLoader.java:641) ~[na:na]
	at java.base/jdk.internal.loader.ClassLoaders$AppClassLoader.loadClass(ClassLoaders.java:188) ~[na:na]
	at java.base/java.lang.ClassLoader.loadClass(ClassLoader.java:525) ~[na:na]
	at java.base/java.lang.Class.forName0(Native Method) ~[na:na]
	at java.base/java.lang.Class.forName(Class.java:529) ~[na:na]
	at java.base/java.lang.Class.forName(Class.java:508) ~[na:na]
	at org.springframework.boot.devtools.restart.classloader.RestartClassLoader.loadClass(RestartClassLoader.java:121) ~[spring-boot-devtools-3.4.3.jar:3.4.3]
	at java.base/java.lang.ClassLoader.loadClass(ClassLoader.java:525) ~[na:na]
	... 30 common frames omitted

2025-03-24T17:30:11.646+08:00  INFO 22760 --- [mySpringbootProject] [restartedMain] o.e.MySpringbootProjectApplication       : Starting MySpringbootProjectApplication using Java 22.0.2 with PID 22760 (C:\Users\马冲\Desktop\MySpringBoot\MySpringbootProject\target\classes started by 马冲 in C:\Users\马冲\Desktop\MySpringBoot\MySpringbootProject)
2025-03-24T17:30:11.646+08:00 DEBUG 22760 --- [mySpringbootProject] [restartedMain] o.e.MySpringbootProjectApplication       : Running with Spring Boot v3.4.3, Spring v6.2.3
2025-03-24T17:30:11.646+08:00  INFO 22760 --- [mySpringbootProject] [restartedMain] o.e.MySpringbootProjectApplication       : No active profile set, falling back to 1 default profile: "default"
2025-03-24T17:30:11.911+08:00  INFO 22760 --- [mySpringbootProject] [restartedMain] .s.d.r.c.RepositoryConfigurationDelegate : Multiple Spring Data modules found, entering strict repository configuration mode
2025-03-24T17:30:11.911+08:00  INFO 22760 --- [mySpringbootProject] [restartedMain] .s.d.r.c.RepositoryConfigurationDelegate : Bootstrapping Spring Data Redis repositories in DEFAULT mode.
2025-03-24T17:30:11.916+08:00  INFO 22760 --- [mySpringbootProject] [restartedMain] .s.d.r.c.RepositoryConfigurationDelegate : Finished Spring Data repository scanning in 3 ms. Found 0 Redis repository interfaces.
2025-03-24T17:30:12.137+08:00  INFO 22760 --- [mySpringbootProject] [restartedMain] o.s.b.w.embedded.tomcat.TomcatWebServer  : Tomcat initialized with port 8081 (http)
2025-03-24T17:30:12.139+08:00  INFO 22760 --- [mySpringbootProject] [restartedMain] o.apache.catalina.core.StandardService   : Starting service [Tomcat]
2025-03-24T17:30:12.140+08:00  INFO 22760 --- [mySpringbootProject] [restartedMain] o.apache.catalina.core.StandardEngine    : Starting Servlet engine: [Apache Tomcat/10.1.36]
2025-03-24T17:30:12.195+08:00  INFO 22760 --- [mySpringbootProject] [restartedMain] o.a.c.c.C.[Tomcat-4].[localhost].[/]     : Initializing Spring embedded WebApplicationContext
2025-03-24T17:30:12.196+08:00  INFO 22760 --- [mySpringbootProject] [restartedMain] w.s.c.ServletWebServerApplicationContext : Root WebApplicationContext: initialization completed in 548 ms
2025-03-24T17:30:12.462+08:00  INFO 22760 --- [mySpringbootProject] [restartedMain] o.s.b.d.a.OptionalLiveReloadServer       : LiveReload server is running on port 35729
2025-03-24T17:30:12.485+08:00  INFO 22760 --- [mySpringbootProject] [restartedMain] o.s.b.w.embedded.tomcat.TomcatWebServer  : Tomcat started on port 8081 (http) with context path '/'
2025-03-24T17:30:12.489+08:00  INFO 22760 --- [mySpringbootProject] [restartedMain] o.e.MySpringbootProjectApplication       : Started MySpringbootProjectApplication in 0.874 seconds (process running for 396.018)
2025-03-24T17:30:12.491+08:00  INFO 22760 --- [mySpringbootProject] [restartedMain] .ConditionEvaluationDeltaLoggingListener : Condition evaluation unchanged
2025-03-24T17:30:13.907+08:00  INFO 22760 --- [mySpringbootProject] [File Watcher] rtingClassPathChangeChangedEventListener : Restarting due to 1 class path change (1 addition, 0 deletions, 0 modifications)
2025-03-24T17:30:13.908+08:00  INFO 22760 --- [mySpringbootProject] [Thread-17] o.s.b.w.e.tomcat.GracefulShutdown        : Commencing graceful shutdown. Waiting for active requests to complete
2025-03-24T17:30:13.912+08:00  INFO 22760 --- [mySpringbootProject] [tomcat-shutdown] o.s.b.w.e.tomcat.GracefulShutdown        : Graceful shutdown complete
2025-03-24T17:30:14.073+08:00  INFO 22760 --- [mySpringbootProject] [restartedMain] o.e.MySpringbootProjectApplication       : Starting MySpringbootProjectApplication using Java 22.0.2 with PID 22760 (C:\Users\马冲\Desktop\MySpringBoot\MySpringbootProject\target\classes started by 马冲 in C:\Users\马冲\Desktop\MySpringBoot\MySpringbootProject)
2025-03-24T17:30:14.074+08:00 DEBUG 22760 --- [mySpringbootProject] [restartedMain] o.e.MySpringbootProjectApplication       : Running with Spring Boot v3.4.3, Spring v6.2.3
2025-03-24T17:30:14.074+08:00  INFO 22760 --- [mySpringbootProject] [restartedMain] o.e.MySpringbootProjectApplication       : No active profile set, falling back to 1 default profile: "default"
2025-03-24T17:30:14.389+08:00  INFO 22760 --- [mySpringbootProject] [restartedMain] .s.d.r.c.RepositoryConfigurationDelegate : Multiple Spring Data modules found, entering strict repository configuration mode
2025-03-24T17:30:14.390+08:00  INFO 22760 --- [mySpringbootProject] [restartedMain] .s.d.r.c.RepositoryConfigurationDelegate : Bootstrapping Spring Data Redis repositories in DEFAULT mode.
2025-03-24T17:30:14.395+08:00  INFO 22760 --- [mySpringbootProject] [restartedMain] .s.d.r.c.RepositoryConfigurationDelegate : Finished Spring Data repository scanning in 3 ms. Found 0 Redis repository interfaces.
2025-03-24T17:30:14.489+08:00  INFO 22760 --- [mySpringbootProject] [restartedMain] o.s.b.w.embedded.tomcat.TomcatWebServer  : Tomcat initialized with port 8081 (http)
2025-03-24T17:30:14.490+08:00  INFO 22760 --- [mySpringbootProject] [restartedMain] o.apache.catalina.core.StandardService   : Starting service [Tomcat]
2025-03-24T17:30:14.490+08:00  INFO 22760 --- [mySpringbootProject] [restartedMain] o.apache.catalina.core.StandardEngine    : Starting Servlet engine: [Apache Tomcat/10.1.36]
2025-03-24T17:30:14.511+08:00  INFO 22760 --- [mySpringbootProject] [restartedMain] o.a.c.c.C.[Tomcat-4].[localhost].[/]     : Initializing Spring embedded WebApplicationContext
2025-03-24T17:30:14.511+08:00  INFO 22760 --- [mySpringbootProject] [restartedMain] w.s.c.ServletWebServerApplicationContext : Root WebApplicationContext: initialization completed in 429 ms
2025-03-24T17:30:14.815+08:00  INFO 22760 --- [mySpringbootProject] [restartedMain] o.s.b.d.a.OptionalLiveReloadServer       : LiveReload server is running on port 35729
2025-03-24T17:30:14.863+08:00  INFO 22760 --- [mySpringbootProject] [restartedMain] o.s.b.w.embedded.tomcat.TomcatWebServer  : Tomcat started on port 8081 (http) with context path '/'
2025-03-24T17:30:14.868+08:00  INFO 22760 --- [mySpringbootProject] [restartedMain] o.e.MySpringbootProjectApplication       : Started MySpringbootProjectApplication in 0.882 seconds (process running for 398.396)
2025-03-24T17:30:14.869+08:00  INFO 22760 --- [mySpringbootProject] [restartedMain] .ConditionEvaluationDeltaLoggingListener : Condition evaluation unchanged
2025-03-24T17:35:35.866+08:00  INFO 22760 --- [mySpringbootProject] [File Watcher] rtingClassPathChangeChangedEventListener : Restarting due to 1 class path change (0 additions, 1 deletion, 0 modifications)
2025-03-24T17:35:35.893+08:00  INFO 22760 --- [mySpringbootProject] [Thread-27] o.s.b.w.e.tomcat.GracefulShutdown        : Commencing graceful shutdown. Waiting for active requests to complete
2025-03-24T17:35:35.898+08:00  INFO 22760 --- [mySpringbootProject] [tomcat-shutdown] o.s.b.w.e.tomcat.GracefulShutdown        : Graceful shutdown complete
2025-03-24T17:35:36.004+08:00  INFO 22760 --- [mySpringbootProject] [restartedMain] o.e.MySpringbootProjectApplication       : Starting MySpringbootProjectApplication using Java 22.0.2 with PID 22760 (C:\Users\马冲\Desktop\MySpringBoot\MySpringbootProject\target\classes started by 马冲 in C:\Users\马冲\Desktop\MySpringBoot\MySpringbootProject)
2025-03-24T17:35:36.004+08:00 DEBUG 22760 --- [mySpringbootProject] [restartedMain] o.e.MySpringbootProjectApplication       : Running with Spring Boot v3.4.3, Spring v6.2.3
2025-03-24T17:35:36.004+08:00  INFO 22760 --- [mySpringbootProject] [restartedMain] o.e.MySpringbootProjectApplication       : No active profile set, falling back to 1 default profile: "default"
2025-03-24T17:35:36.553+08:00  INFO 22760 --- [mySpringbootProject] [restartedMain] .s.d.r.c.RepositoryConfigurationDelegate : Multiple Spring Data modules found, entering strict repository configuration mode
2025-03-24T17:35:36.554+08:00  INFO 22760 --- [mySpringbootProject] [restartedMain] .s.d.r.c.RepositoryConfigurationDelegate : Bootstrapping Spring Data Redis repositories in DEFAULT mode.
2025-03-24T17:35:36.568+08:00  INFO 22760 --- [mySpringbootProject] [restartedMain] .s.d.r.c.RepositoryConfigurationDelegate : Finished Spring Data repository scanning in 10 ms. Found 0 Redis repository interfaces.
2025-03-24T17:35:36.881+08:00  INFO 22760 --- [mySpringbootProject] [restartedMain] o.s.b.w.embedded.tomcat.TomcatWebServer  : Tomcat initialized with port 8081 (http)
2025-03-24T17:35:36.884+08:00  INFO 22760 --- [mySpringbootProject] [restartedMain] o.apache.catalina.core.StandardService   : Starting service [Tomcat]
2025-03-24T17:35:36.885+08:00  INFO 22760 --- [mySpringbootProject] [restartedMain] o.apache.catalina.core.StandardEngine    : Starting Servlet engine: [Apache Tomcat/10.1.36]
2025-03-24T17:35:36.965+08:00  INFO 22760 --- [mySpringbootProject] [restartedMain] o.a.c.c.C.[Tomcat-4].[localhost].[/]     : Initializing Spring embedded WebApplicationContext
2025-03-24T17:35:36.965+08:00  INFO 22760 --- [mySpringbootProject] [restartedMain] w.s.c.ServletWebServerApplicationContext : Root WebApplicationContext: initialization completed in 955 ms
2025-03-24T17:35:36.994+08:00  WARN 22760 --- [mySpringbootProject] [restartedMain] ConfigServletWebServerApplicationContext : Exception encountered during context initialization - cancelling refresh attempt: org.springframework.beans.factory.UnsatisfiedDependencyException: Error creating bean with name 'userController': Unsatisfied dependency expressed through field 'userService': Error creating bean with name 'userServiceImpl' defined in file [C:\Users\马冲\Desktop\MySpringBoot\MySpringbootProject\target\classes\org\example\service\impl\UserServiceImpl.class]: Post-processing of merged bean definition failed
2025-03-24T17:35:36.994+08:00  INFO 22760 --- [mySpringbootProject] [restartedMain] o.apache.catalina.core.StandardService   : Stopping service [Tomcat]
2025-03-24T17:35:37.003+08:00  INFO 22760 --- [mySpringbootProject] [restartedMain] .s.b.a.l.ConditionEvaluationReportLogger : 

Error starting ApplicationContext. To display the condition evaluation report re-run your application with 'debug' enabled.
2025-03-24T17:35:37.019+08:00 ERROR 22760 --- [mySpringbootProject] [restartedMain] o.s.boot.SpringApplication               : Application run failed

org.springframework.beans.factory.UnsatisfiedDependencyException: Error creating bean with name 'userController': Unsatisfied dependency expressed through field 'userService': Error creating bean with name 'userServiceImpl' defined in file [C:\Users\马冲\Desktop\MySpringBoot\MySpringbootProject\target\classes\org\example\service\impl\UserServiceImpl.class]: Post-processing of merged bean definition failed
	at org.springframework.beans.factory.annotation.AutowiredAnnotationBeanPostProcessor$AutowiredFieldElement.resolveFieldValue(AutowiredAnnotationBeanPostProcessor.java:788) ~[spring-beans-6.2.3.jar:6.2.3]
	at org.springframework.beans.factory.annotation.AutowiredAnnotationBeanPostProcessor$AutowiredFieldElement.inject(AutowiredAnnotationBeanPostProcessor.java:768) ~[spring-beans-6.2.3.jar:6.2.3]
	at org.springframework.beans.factory.annotation.InjectionMetadata.inject(InjectionMetadata.java:146) ~[spring-beans-6.2.3.jar:6.2.3]
	at org.springframework.beans.factory.annotation.AutowiredAnnotationBeanPostProcessor.postProcessProperties(AutowiredAnnotationBeanPostProcessor.java:509) ~[spring-beans-6.2.3.jar:6.2.3]
	at org.springframework.beans.factory.support.AbstractAutowireCapableBeanFactory.populateBean(AbstractAutowireCapableBeanFactory.java:1445) ~[spring-beans-6.2.3.jar:6.2.3]
	at org.springframework.beans.factory.support.AbstractAutowireCapableBeanFactory.doCreateBean(AbstractAutowireCapableBeanFactory.java:600) ~[spring-beans-6.2.3.jar:6.2.3]
	at org.springframework.beans.factory.support.AbstractAutowireCapableBeanFactory.createBean(AbstractAutowireCapableBeanFactory.java:523) ~[spring-beans-6.2.3.jar:6.2.3]
	at org.springframework.beans.factory.support.AbstractBeanFactory.lambda$doGetBean$0(AbstractBeanFactory.java:339) ~[spring-beans-6.2.3.jar:6.2.3]
	at org.springframework.beans.factory.support.DefaultSingletonBeanRegistry.getSingleton(DefaultSingletonBeanRegistry.java:346) ~[spring-beans-6.2.3.jar:6.2.3]
	at org.springframework.beans.factory.support.AbstractBeanFactory.doGetBean(AbstractBeanFactory.java:337) ~[spring-beans-6.2.3.jar:6.2.3]
	at org.springframework.beans.factory.support.AbstractBeanFactory.getBean(AbstractBeanFactory.java:202) ~[spring-beans-6.2.3.jar:6.2.3]
	at org.springframework.beans.factory.support.DefaultListableBeanFactory.instantiateSingleton(DefaultListableBeanFactory.java:1155) ~[spring-beans-6.2.3.jar:6.2.3]
	at org.springframework.beans.factory.support.DefaultListableBeanFactory.preInstantiateSingleton(DefaultListableBeanFactory.java:1121) ~[spring-beans-6.2.3.jar:6.2.3]
	at org.springframework.beans.factory.support.DefaultListableBeanFactory.preInstantiateSingletons(DefaultListableBeanFactory.java:1056) ~[spring-beans-6.2.3.jar:6.2.3]
	at org.springframework.context.support.AbstractApplicationContext.finishBeanFactoryInitialization(AbstractApplicationContext.java:987) ~[spring-context-6.2.3.jar:6.2.3]
	at org.springframework.context.support.AbstractApplicationContext.refresh(AbstractApplicationContext.java:627) ~[spring-context-6.2.3.jar:6.2.3]
	at org.springframework.boot.web.servlet.context.ServletWebServerApplicationContext.refresh(ServletWebServerApplicationContext.java:146) ~[spring-boot-3.4.3.jar:3.4.3]
	at org.springframework.boot.SpringApplication.refresh(SpringApplication.java:752) ~[spring-boot-3.4.3.jar:3.4.3]
	at org.springframework.boot.SpringApplication.refreshContext(SpringApplication.java:439) ~[spring-boot-3.4.3.jar:3.4.3]
	at org.springframework.boot.SpringApplication.run(SpringApplication.java:318) ~[spring-boot-3.4.3.jar:3.4.3]
	at org.springframework.boot.SpringApplication.run(SpringApplication.java:1361) ~[spring-boot-3.4.3.jar:3.4.3]
	at org.springframework.boot.SpringApplication.run(SpringApplication.java:1350) ~[spring-boot-3.4.3.jar:3.4.3]
	at org.example.MySpringbootProjectApplication.main(MySpringbootProjectApplication.java:12) ~[classes/:na]
	at java.base/jdk.internal.reflect.DirectMethodHandleAccessor.invoke(DirectMethodHandleAccessor.java:103) ~[na:na]
	at java.base/java.lang.reflect.Method.invoke(Method.java:580) ~[na:na]
	at org.springframework.boot.devtools.restart.RestartLauncher.run(RestartLauncher.java:50) ~[spring-boot-devtools-3.4.3.jar:3.4.3]
Caused by: org.springframework.beans.factory.BeanCreationException: Error creating bean with name 'userServiceImpl' defined in file [C:\Users\马冲\Desktop\MySpringBoot\MySpringbootProject\target\classes\org\example\service\impl\UserServiceImpl.class]: Post-processing of merged bean definition failed
	at org.springframework.beans.factory.support.AbstractAutowireCapableBeanFactory.doCreateBean(AbstractAutowireCapableBeanFactory.java:578) ~[spring-beans-6.2.3.jar:6.2.3]
	at org.springframework.beans.factory.support.AbstractAutowireCapableBeanFactory.createBean(AbstractAutowireCapableBeanFactory.java:523) ~[spring-beans-6.2.3.jar:6.2.3]
	at org.springframework.beans.factory.support.AbstractBeanFactory.lambda$doGetBean$0(AbstractBeanFactory.java:339) ~[spring-beans-6.2.3.jar:6.2.3]
	at org.springframework.beans.factory.support.DefaultSingletonBeanRegistry.getSingleton(DefaultSingletonBeanRegistry.java:346) ~[spring-beans-6.2.3.jar:6.2.3]
	at org.springframework.beans.factory.support.AbstractBeanFactory.doGetBean(AbstractBeanFactory.java:337) ~[spring-beans-6.2.3.jar:6.2.3]
	at org.springframework.beans.factory.support.AbstractBeanFactory.getBean(AbstractBeanFactory.java:202) ~[spring-beans-6.2.3.jar:6.2.3]
	at org.springframework.beans.factory.config.DependencyDescriptor.resolveCandidate(DependencyDescriptor.java:254) ~[spring-beans-6.2.3.jar:6.2.3]
	at org.springframework.beans.factory.support.DefaultListableBeanFactory.doResolveDependency(DefaultListableBeanFactory.java:1664) ~[spring-beans-6.2.3.jar:6.2.3]
	at org.springframework.beans.factory.support.DefaultListableBeanFactory.resolveDependency(DefaultListableBeanFactory.java:1552) ~[spring-beans-6.2.3.jar:6.2.3]
	at org.springframework.beans.factory.annotation.AutowiredAnnotationBeanPostProcessor$AutowiredFieldElement.resolveFieldValue(AutowiredAnnotationBeanPostProcessor.java:785) ~[spring-beans-6.2.3.jar:6.2.3]
	... 25 common frames omitted
Caused by: java.lang.IllegalStateException: Failed to introspect Class [org.example.service.impl.UserServiceImpl] from ClassLoader [org.springframework.boot.devtools.restart.classloader.RestartClassLoader@195f316c]
	at org.springframework.util.ReflectionUtils.getDeclaredFields(ReflectionUtils.java:756) ~[spring-core-6.2.3.jar:6.2.3]
	at org.springframework.util.ReflectionUtils.doWithLocalFields(ReflectionUtils.java:689) ~[spring-core-6.2.3.jar:6.2.3]
	at org.springframework.context.annotation.CommonAnnotationBeanPostProcessor.buildResourceMetadata(CommonAnnotationBeanPostProcessor.java:432) ~[spring-context-6.2.3.jar:6.2.3]
	at org.springframework.context.annotation.CommonAnnotationBeanPostProcessor.findResourceMetadata(CommonAnnotationBeanPostProcessor.java:413) ~[spring-context-6.2.3.jar:6.2.3]
	at org.springframework.context.annotation.CommonAnnotationBeanPostProcessor.postProcessMergedBeanDefinition(CommonAnnotationBeanPostProcessor.java:313) ~[spring-context-6.2.3.jar:6.2.3]
	at org.springframework.beans.factory.support.AbstractAutowireCapableBeanFactory.applyMergedBeanDefinitionPostProcessors(AbstractAutowireCapableBeanFactory.java:1109) ~[spring-beans-6.2.3.jar:6.2.3]
	at org.springframework.beans.factory.support.AbstractAutowireCapableBeanFactory.doCreateBean(AbstractAutowireCapableBeanFactory.java:575) ~[spring-beans-6.2.3.jar:6.2.3]
	... 34 common frames omitted
Caused by: java.lang.NoClassDefFoundError: org/example/mapper/UserRoleMapper
	at java.base/java.lang.Class.getDeclaredFields0(Native Method) ~[na:na]
	at java.base/java.lang.Class.privateGetDeclaredFields(Class.java:3496) ~[na:na]
	at java.base/java.lang.Class.getDeclaredFields(Class.java:2552) ~[na:na]
	at org.springframework.util.ReflectionUtils.getDeclaredFields(ReflectionUtils.java:751) ~[spring-core-6.2.3.jar:6.2.3]
	... 40 common frames omitted
Caused by: java.lang.ClassNotFoundException: org.example.mapper.UserRoleMapper
	at java.base/jdk.internal.loader.BuiltinClassLoader.loadClass(BuiltinClassLoader.java:641) ~[na:na]
	at java.base/jdk.internal.loader.ClassLoaders$AppClassLoader.loadClass(ClassLoaders.java:188) ~[na:na]
	at java.base/java.lang.ClassLoader.loadClass(ClassLoader.java:525) ~[na:na]
	at java.base/java.lang.Class.forName0(Native Method) ~[na:na]
	at java.base/java.lang.Class.forName(Class.java:529) ~[na:na]
	at java.base/java.lang.Class.forName(Class.java:508) ~[na:na]
	at org.springframework.boot.devtools.restart.classloader.RestartClassLoader.loadClass(RestartClassLoader.java:121) ~[spring-boot-devtools-3.4.3.jar:3.4.3]
	at java.base/java.lang.ClassLoader.loadClass(ClassLoader.java:525) ~[na:na]
	... 44 common frames omitted

2025-03-24T17:36:15.477+08:00  INFO 12264 --- [mySpringbootProject] [restartedMain] o.e.MySpringbootProjectApplication       : Starting MySpringbootProjectApplication using Java 22.0.2 with PID 12264 (C:\Users\马冲\Desktop\MySpringBoot\MySpringbootProject\target\classes started by 马冲 in C:\Users\马冲\Desktop\MySpringBoot\MySpringbootProject)
2025-03-24T17:36:15.481+08:00 DEBUG 12264 --- [mySpringbootProject] [restartedMain] o.e.MySpringbootProjectApplication       : Running with Spring Boot v3.4.3, Spring v6.2.3
2025-03-24T17:36:15.483+08:00  INFO 12264 --- [mySpringbootProject] [restartedMain] o.e.MySpringbootProjectApplication       : No active profile set, falling back to 1 default profile: "default"
2025-03-24T17:36:15.589+08:00  INFO 12264 --- [mySpringbootProject] [restartedMain] .e.DevToolsPropertyDefaultsPostProcessor : Devtools property defaults active! Set 'spring.devtools.add-properties' to 'false' to disable
2025-03-24T17:36:15.594+08:00  INFO 12264 --- [mySpringbootProject] [restartedMain] .e.DevToolsPropertyDefaultsPostProcessor : For additional web related logging consider setting the 'logging.level.web' property to 'DEBUG'
2025-03-24T17:36:16.588+08:00  INFO 12264 --- [mySpringbootProject] [restartedMain] .s.d.r.c.RepositoryConfigurationDelegate : Multiple Spring Data modules found, entering strict repository configuration mode
2025-03-24T17:36:16.592+08:00  INFO 12264 --- [mySpringbootProject] [restartedMain] .s.d.r.c.RepositoryConfigurationDelegate : Bootstrapping Spring Data Redis repositories in DEFAULT mode.
2025-03-24T17:36:16.640+08:00  INFO 12264 --- [mySpringbootProject] [restartedMain] .s.d.r.c.RepositoryConfigurationDelegate : Finished Spring Data repository scanning in 20 ms. Found 0 Redis repository interfaces.
2025-03-24T17:36:17.542+08:00  INFO 12264 --- [mySpringbootProject] [restartedMain] o.s.b.w.embedded.tomcat.TomcatWebServer  : Tomcat initialized with port 8081 (http)
2025-03-24T17:36:17.565+08:00  INFO 12264 --- [mySpringbootProject] [restartedMain] o.apache.catalina.core.StandardService   : Starting service [Tomcat]
2025-03-24T17:36:17.565+08:00  INFO 12264 --- [mySpringbootProject] [restartedMain] o.apache.catalina.core.StandardEngine    : Starting Servlet engine: [Apache Tomcat/10.1.36]
2025-03-24T17:36:17.622+08:00  INFO 12264 --- [mySpringbootProject] [restartedMain] o.a.c.c.C.[Tomcat].[localhost].[/]       : Initializing Spring embedded WebApplicationContext
2025-03-24T17:36:17.622+08:00  INFO 12264 --- [mySpringbootProject] [restartedMain] w.s.c.ServletWebServerApplicationContext : Root WebApplicationContext: initialization completed in 2027 ms
2025-03-24T17:36:19.153+08:00  INFO 12264 --- [mySpringbootProject] [restartedMain] o.s.b.d.a.OptionalLiveReloadServer       : LiveReload server is running on port 35729
2025-03-24T17:36:19.224+08:00  INFO 12264 --- [mySpringbootProject] [restartedMain] o.s.b.w.embedded.tomcat.TomcatWebServer  : Tomcat started on port 8081 (http) with context path '/'
2025-03-24T17:36:19.253+08:00  INFO 12264 --- [mySpringbootProject] [restartedMain] o.e.MySpringbootProjectApplication       : Started MySpringbootProjectApplication in 5.059 seconds (process running for 6.242)
2025-03-24T17:36:27.123+08:00  INFO 12264 --- [mySpringbootProject] [http-nio-8081-exec-1] o.a.c.c.C.[Tomcat].[localhost].[/]       : Initializing Spring DispatcherServlet 'dispatcherServlet'
2025-03-24T17:36:27.123+08:00  INFO 12264 --- [mySpringbootProject] [http-nio-8081-exec-1] o.s.web.servlet.DispatcherServlet        : Initializing Servlet 'dispatcherServlet'
2025-03-24T17:36:27.124+08:00  INFO 12264 --- [mySpringbootProject] [http-nio-8081-exec-1] o.s.web.servlet.DispatcherServlet        : Completed initialization in 1 ms
2025-03-24T17:36:27.267+08:00  INFO 12264 --- [mySpringbootProject] [http-nio-8081-exec-1] com.zaxxer.hikari.HikariDataSource       : HikariPool-1 - Starting...
2025-03-24T17:36:27.693+08:00  INFO 12264 --- [mySpringbootProject] [http-nio-8081-exec-1] com.zaxxer.hikari.pool.HikariPool        : HikariPool-1 - Added connection com.mysql.cj.jdbc.ConnectionImpl@e18785a
2025-03-24T17:36:27.695+08:00  INFO 12264 --- [mySpringbootProject] [http-nio-8081-exec-1] com.zaxxer.hikari.HikariDataSource       : HikariPool-1 - Start completed.
2025-03-24T17:36:28.554+08:00 ERROR 12264 --- [mySpringbootProject] [http-nio-8081-exec-1] o.a.c.c.C.[.[.[/].[dispatcherServlet]    : Servlet.service() for servlet [dispatcherServlet] in context with path [] threw exception [Request processing failed: org.springframework.dao.DuplicateKeyException: 
### Error updating database.  Cause: java.sql.SQLIntegrityConstraintViolationException: Duplicate entry '1-3' for key 'user_role.PRIMARY'
### The error may exist in file [C:\Users\马冲\Desktop\MySpringBoot\MySpringbootProject\target\classes\mapper\UserRoleMapper.xml]
### The error may involve defaultParameterMap
### The error occurred while setting parameters
### SQL: insert into user_role(user_id,role_id) values (?,?)
### Cause: java.sql.SQLIntegrityConstraintViolationException: Duplicate entry '1-3' for key 'user_role.PRIMARY'
; Duplicate entry '1-3' for key 'user_role.PRIMARY'] with root cause

java.sql.SQLIntegrityConstraintViolationException: Duplicate entry '1-3' for key 'user_role.PRIMARY'
	at com.mysql.cj.jdbc.exceptions.SQLError.createSQLException(SQLError.java:109) ~[mysql-connector-j-9.1.0.jar:9.1.0]
	at com.mysql.cj.jdbc.exceptions.SQLExceptionsMapping.translateException(SQLExceptionsMapping.java:114) ~[mysql-connector-j-9.1.0.jar:9.1.0]
	at com.mysql.cj.jdbc.ClientPreparedStatement.executeInternal(ClientPreparedStatement.java:988) ~[mysql-connector-j-9.1.0.jar:9.1.0]
	at com.mysql.cj.jdbc.ClientPreparedStatement.execute(ClientPreparedStatement.java:382) ~[mysql-connector-j-9.1.0.jar:9.1.0]
	at com.zaxxer.hikari.pool.ProxyPreparedStatement.execute(ProxyPreparedStatement.java:44) ~[HikariCP-5.1.0.jar:na]
	at com.zaxxer.hikari.pool.HikariProxyPreparedStatement.execute(HikariProxyPreparedStatement.java) ~[HikariCP-5.1.0.jar:na]
	at java.base/jdk.internal.reflect.DirectMethodHandleAccessor.invoke(DirectMethodHandleAccessor.java:103) ~[na:na]
	at java.base/java.lang.reflect.Method.invoke(Method.java:580) ~[na:na]
	at org.apache.ibatis.logging.jdbc.PreparedStatementLogger.invoke(PreparedStatementLogger.java:58) ~[mybatis-3.5.17.jar:3.5.17]
	at jdk.proxy4/jdk.proxy4.$Proxy90.execute(Unknown Source) ~[na:na]
	at org.apache.ibatis.executor.statement.PreparedStatementHandler.update(PreparedStatementHandler.java:48) ~[mybatis-3.5.17.jar:3.5.17]
	at org.apache.ibatis.executor.statement.RoutingStatementHandler.update(RoutingStatementHandler.java:75) ~[mybatis-3.5.17.jar:3.5.17]
	at org.apache.ibatis.executor.SimpleExecutor.doUpdate(SimpleExecutor.java:50) ~[mybatis-3.5.17.jar:3.5.17]
	at org.apache.ibatis.executor.BaseExecutor.update(BaseExecutor.java:117) ~[mybatis-3.5.17.jar:3.5.17]
	at org.apache.ibatis.executor.CachingExecutor.update(CachingExecutor.java:76) ~[mybatis-3.5.17.jar:3.5.17]
	at org.apache.ibatis.session.defaults.DefaultSqlSession.update(DefaultSqlSession.java:197) ~[mybatis-3.5.17.jar:3.5.17]
	at org.apache.ibatis.session.defaults.DefaultSqlSession.insert(DefaultSqlSession.java:184) ~[mybatis-3.5.17.jar:3.5.17]
	at java.base/jdk.internal.reflect.DirectMethodHandleAccessor.invoke(DirectMethodHandleAccessor.java:103) ~[na:na]
	at java.base/java.lang.reflect.Method.invoke(Method.java:580) ~[na:na]
	at org.mybatis.spring.SqlSessionTemplate$SqlSessionInterceptor.invoke(SqlSessionTemplate.java:333) ~[mybatis-spring-3.0.4.jar:3.0.4]
	at jdk.proxy2/jdk.proxy2.$Proxy74.insert(Unknown Source) ~[na:na]
	at org.mybatis.spring.SqlSessionTemplate.insert(SqlSessionTemplate.java:224) ~[mybatis-spring-3.0.4.jar:3.0.4]
	at org.apache.ibatis.binding.MapperMethod.execute(MapperMethod.java:62) ~[mybatis-3.5.17.jar:3.5.17]
	at org.apache.ibatis.binding.MapperProxy$PlainMethodInvoker.invoke(MapperProxy.java:141) ~[mybatis-3.5.17.jar:3.5.17]
	at org.apache.ibatis.binding.MapperProxy.invoke(MapperProxy.java:86) ~[mybatis-3.5.17.jar:3.5.17]
	at jdk.proxy3/jdk.proxy3.$Proxy77.addUserRole(Unknown Source) ~[na:na]
	at org.example.service.impl.UserServiceImpl.register(UserServiceImpl.java:40) ~[classes/:na]
	at org.example.controller.UserController.register(UserController.java:39) ~[classes/:na]
	at java.base/jdk.internal.reflect.DirectMethodHandleAccessor.invoke(DirectMethodHandleAccessor.java:103) ~[na:na]
	at java.base/java.lang.reflect.Method.invoke(Method.java:580) ~[na:na]
	at org.springframework.aop.support.AopUtils.invokeJoinpointUsingReflection(AopUtils.java:359) ~[spring-aop-6.2.3.jar:6.2.3]
	at org.springframework.aop.framework.ReflectiveMethodInvocation.invokeJoinpoint(ReflectiveMethodInvocation.java:196) ~[spring-aop-6.2.3.jar:6.2.3]
	at org.springframework.aop.framework.ReflectiveMethodInvocation.proceed(ReflectiveMethodInvocation.java:163) ~[spring-aop-6.2.3.jar:6.2.3]
	at org.springframework.validation.beanvalidation.MethodValidationInterceptor.invoke(MethodValidationInterceptor.java:174) ~[spring-context-6.2.3.jar:6.2.3]
	at org.springframework.aop.framework.ReflectiveMethodInvocation.proceed(ReflectiveMethodInvocation.java:184) ~[spring-aop-6.2.3.jar:6.2.3]
	at org.springframework.aop.framework.CglibAopProxy$DynamicAdvisedInterceptor.intercept(CglibAopProxy.java:727) ~[spring-aop-6.2.3.jar:6.2.3]
	at org.example.controller.UserController$$SpringCGLIB$$0.register(<generated>) ~[classes/:na]
	at java.base/jdk.internal.reflect.DirectMethodHandleAccessor.invoke(DirectMethodHandleAccessor.java:103) ~[na:na]
	at java.base/java.lang.reflect.Method.invoke(Method.java:580) ~[na:na]
	at org.springframework.web.method.support.InvocableHandlerMethod.doInvoke(InvocableHandlerMethod.java:257) ~[spring-web-6.2.3.jar:6.2.3]
	at org.springframework.web.method.support.InvocableHandlerMethod.invokeForRequest(InvocableHandlerMethod.java:190) ~[spring-web-6.2.3.jar:6.2.3]
	at org.springframework.web.servlet.mvc.method.annotation.ServletInvocableHandlerMethod.invokeAndHandle(ServletInvocableHandlerMethod.java:118) ~[spring-webmvc-6.2.3.jar:6.2.3]
	at org.springframework.web.servlet.mvc.method.annotation.RequestMappingHandlerAdapter.invokeHandlerMethod(RequestMappingHandlerAdapter.java:986) ~[spring-webmvc-6.2.3.jar:6.2.3]
	at org.springframework.web.servlet.mvc.method.annotation.RequestMappingHandlerAdapter.handleInternal(RequestMappingHandlerAdapter.java:891) ~[spring-webmvc-6.2.3.jar:6.2.3]
	at org.springframework.web.servlet.mvc.method.AbstractHandlerMethodAdapter.handle(AbstractHandlerMethodAdapter.java:87) ~[spring-webmvc-6.2.3.jar:6.2.3]
	at org.springframework.web.servlet.DispatcherServlet.doDispatch(DispatcherServlet.java:1088) ~[spring-webmvc-6.2.3.jar:6.2.3]
	at org.springframework.web.servlet.DispatcherServlet.doService(DispatcherServlet.java:978) ~[spring-webmvc-6.2.3.jar:6.2.3]
	at org.springframework.web.servlet.FrameworkServlet.processRequest(FrameworkServlet.java:1014) ~[spring-webmvc-6.2.3.jar:6.2.3]
	at org.springframework.web.servlet.FrameworkServlet.doPost(FrameworkServlet.java:914) ~[spring-webmvc-6.2.3.jar:6.2.3]
	at jakarta.servlet.http.HttpServlet.service(HttpServlet.java:590) ~[tomcat-embed-core-10.1.36.jar:6.0]
	at org.springframework.web.servlet.FrameworkServlet.service(FrameworkServlet.java:885) ~[spring-webmvc-6.2.3.jar:6.2.3]
	at jakarta.servlet.http.HttpServlet.service(HttpServlet.java:658) ~[tomcat-embed-core-10.1.36.jar:6.0]
	at org.apache.catalina.core.ApplicationFilterChain.internalDoFilter(ApplicationFilterChain.java:195) ~[tomcat-embed-core-10.1.36.jar:10.1.36]
	at org.apache.catalina.core.ApplicationFilterChain.doFilter(ApplicationFilterChain.java:140) ~[tomcat-embed-core-10.1.36.jar:10.1.36]
	at org.apache.tomcat.websocket.server.WsFilter.doFilter(WsFilter.java:51) ~[tomcat-embed-websocket-10.1.36.jar:10.1.36]
	at org.apache.catalina.core.ApplicationFilterChain.internalDoFilter(ApplicationFilterChain.java:164) ~[tomcat-embed-core-10.1.36.jar:10.1.36]
	at org.apache.catalina.core.ApplicationFilterChain.doFilter(ApplicationFilterChain.java:140) ~[tomcat-embed-core-10.1.36.jar:10.1.36]
	at org.springframework.web.filter.RequestContextFilter.doFilterInternal(RequestContextFilter.java:100) ~[spring-web-6.2.3.jar:6.2.3]
	at org.springframework.web.filter.OncePerRequestFilter.doFilter(OncePerRequestFilter.java:116) ~[spring-web-6.2.3.jar:6.2.3]
	at org.apache.catalina.core.ApplicationFilterChain.internalDoFilter(ApplicationFilterChain.java:164) ~[tomcat-embed-core-10.1.36.jar:10.1.36]
	at org.apache.catalina.core.ApplicationFilterChain.doFilter(ApplicationFilterChain.java:140) ~[tomcat-embed-core-10.1.36.jar:10.1.36]
	at org.springframework.web.filter.FormContentFilter.doFilterInternal(FormContentFilter.java:93) ~[spring-web-6.2.3.jar:6.2.3]
	at org.springframework.web.filter.OncePerRequestFilter.doFilter(OncePerRequestFilter.java:116) ~[spring-web-6.2.3.jar:6.2.3]
	at org.apache.catalina.core.ApplicationFilterChain.internalDoFilter(ApplicationFilterChain.java:164) ~[tomcat-embed-core-10.1.36.jar:10.1.36]
	at org.apache.catalina.core.ApplicationFilterChain.doFilter(ApplicationFilterChain.java:140) ~[tomcat-embed-core-10.1.36.jar:10.1.36]
	at org.springframework.web.filter.CharacterEncodingFilter.doFilterInternal(CharacterEncodingFilter.java:201) ~[spring-web-6.2.3.jar:6.2.3]
	at org.springframework.web.filter.OncePerRequestFilter.doFilter(OncePerRequestFilter.java:116) ~[spring-web-6.2.3.jar:6.2.3]
	at org.apache.catalina.core.ApplicationFilterChain.internalDoFilter(ApplicationFilterChain.java:164) ~[tomcat-embed-core-10.1.36.jar:10.1.36]
	at org.apache.catalina.core.ApplicationFilterChain.doFilter(ApplicationFilterChain.java:140) ~[tomcat-embed-core-10.1.36.jar:10.1.36]
	at org.apache.catalina.core.StandardWrapperValve.invoke(StandardWrapperValve.java:167) ~[tomcat-embed-core-10.1.36.jar:10.1.36]
	at org.apache.catalina.core.StandardContextValve.invoke(StandardContextValve.java:90) ~[tomcat-embed-core-10.1.36.jar:10.1.36]
	at org.apache.catalina.authenticator.AuthenticatorBase.invoke(AuthenticatorBase.java:483) ~[tomcat-embed-core-10.1.36.jar:10.1.36]
	at org.apache.catalina.core.StandardHostValve.invoke(StandardHostValve.java:115) ~[tomcat-embed-core-10.1.36.jar:10.1.36]
	at org.apache.catalina.valves.ErrorReportValve.invoke(ErrorReportValve.java:93) ~[tomcat-embed-core-10.1.36.jar:10.1.36]
	at org.apache.catalina.core.StandardEngineValve.invoke(StandardEngineValve.java:74) ~[tomcat-embed-core-10.1.36.jar:10.1.36]
	at org.apache.catalina.connector.CoyoteAdapter.service(CoyoteAdapter.java:344) ~[tomcat-embed-core-10.1.36.jar:10.1.36]
	at org.apache.coyote.http11.Http11Processor.service(Http11Processor.java:397) ~[tomcat-embed-core-10.1.36.jar:10.1.36]
	at org.apache.coyote.AbstractProcessorLight.process(AbstractProcessorLight.java:63) ~[tomcat-embed-core-10.1.36.jar:10.1.36]
	at org.apache.coyote.AbstractProtocol$ConnectionHandler.process(AbstractProtocol.java:905) ~[tomcat-embed-core-10.1.36.jar:10.1.36]
	at org.apache.tomcat.util.net.NioEndpoint$SocketProcessor.doRun(NioEndpoint.java:1743) ~[tomcat-embed-core-10.1.36.jar:10.1.36]
	at org.apache.tomcat.util.net.SocketProcessorBase.run(SocketProcessorBase.java:52) ~[tomcat-embed-core-10.1.36.jar:10.1.36]
	at org.apache.tomcat.util.threads.ThreadPoolExecutor.runWorker(ThreadPoolExecutor.java:1190) ~[tomcat-embed-core-10.1.36.jar:10.1.36]
	at org.apache.tomcat.util.threads.ThreadPoolExecutor$Worker.run(ThreadPoolExecutor.java:659) ~[tomcat-embed-core-10.1.36.jar:10.1.36]
	at org.apache.tomcat.util.threads.TaskThread$WrappingRunnable.run(TaskThread.java:63) ~[tomcat-embed-core-10.1.36.jar:10.1.36]
	at java.base/java.lang.Thread.run(Thread.java:1570) ~[na:na]

2025-03-24T17:36:56.691+08:00  INFO 12264 --- [mySpringbootProject] [SpringApplicationShutdownHook] o.s.b.w.e.tomcat.GracefulShutdown        : Commencing graceful shutdown. Waiting for active requests to complete
2025-03-24T17:36:56.700+08:00  INFO 12264 --- [mySpringbootProject] [tomcat-shutdown] o.s.b.w.e.tomcat.GracefulShutdown        : Graceful shutdown complete
2025-03-24T17:36:56.733+08:00  INFO 12264 --- [mySpringbootProject] [SpringApplicationShutdownHook] com.zaxxer.hikari.HikariDataSource       : HikariPool-1 - Shutdown initiated...
2025-03-24T17:36:56.757+08:00  INFO 12264 --- [mySpringbootProject] [SpringApplicationShutdownHook] com.zaxxer.hikari.HikariDataSource       : HikariPool-1 - Shutdown completed.
2025-03-24T17:37:05.142+08:00  INFO 33028 --- [mySpringbootProject] [restartedMain] o.e.MySpringbootProjectApplication       : Starting MySpringbootProjectApplication using Java 22.0.2 with PID 33028 (C:\Users\马冲\Desktop\MySpringBoot\MySpringbootProject\target\classes started by 马冲 in C:\Users\马冲\Desktop\MySpringBoot\MySpringbootProject)
2025-03-24T17:37:05.144+08:00 DEBUG 33028 --- [mySpringbootProject] [restartedMain] o.e.MySpringbootProjectApplication       : Running with Spring Boot v3.4.3, Spring v6.2.3
2025-03-24T17:37:05.145+08:00  INFO 33028 --- [mySpringbootProject] [restartedMain] o.e.MySpringbootProjectApplication       : No active profile set, falling back to 1 default profile: "default"
2025-03-24T17:37:05.210+08:00  INFO 33028 --- [mySpringbootProject] [restartedMain] .e.DevToolsPropertyDefaultsPostProcessor : Devtools property defaults active! Set 'spring.devtools.add-properties' to 'false' to disable
2025-03-24T17:37:05.210+08:00  INFO 33028 --- [mySpringbootProject] [restartedMain] .e.DevToolsPropertyDefaultsPostProcessor : For additional web related logging consider setting the 'logging.level.web' property to 'DEBUG'
2025-03-24T17:37:06.249+08:00  INFO 33028 --- [mySpringbootProject] [restartedMain] .s.d.r.c.RepositoryConfigurationDelegate : Multiple Spring Data modules found, entering strict repository configuration mode
2025-03-24T17:37:06.254+08:00  INFO 33028 --- [mySpringbootProject] [restartedMain] .s.d.r.c.RepositoryConfigurationDelegate : Bootstrapping Spring Data Redis repositories in DEFAULT mode.
2025-03-24T17:37:06.305+08:00  INFO 33028 --- [mySpringbootProject] [restartedMain] .s.d.r.c.RepositoryConfigurationDelegate : Finished Spring Data repository scanning in 21 ms. Found 0 Redis repository interfaces.
2025-03-24T17:37:08.093+08:00  INFO 33028 --- [mySpringbootProject] [restartedMain] o.s.b.w.embedded.tomcat.TomcatWebServer  : Tomcat initialized with port 8081 (http)
2025-03-24T17:37:08.113+08:00  INFO 33028 --- [mySpringbootProject] [restartedMain] o.apache.catalina.core.StandardService   : Starting service [Tomcat]
2025-03-24T17:37:08.114+08:00  INFO 33028 --- [mySpringbootProject] [restartedMain] o.apache.catalina.core.StandardEngine    : Starting Servlet engine: [Apache Tomcat/10.1.36]
2025-03-24T17:37:08.177+08:00  INFO 33028 --- [mySpringbootProject] [restartedMain] o.a.c.c.C.[Tomcat].[localhost].[/]       : Initializing Spring embedded WebApplicationContext
2025-03-24T17:37:08.178+08:00  INFO 33028 --- [mySpringbootProject] [restartedMain] w.s.c.ServletWebServerApplicationContext : Root WebApplicationContext: initialization completed in 2967 ms
2025-03-24T17:37:10.098+08:00  INFO 33028 --- [mySpringbootProject] [restartedMain] o.s.b.d.a.OptionalLiveReloadServer       : LiveReload server is running on port 35729
2025-03-24T17:37:10.140+08:00  INFO 33028 --- [mySpringbootProject] [restartedMain] o.s.b.w.embedded.tomcat.TomcatWebServer  : Tomcat started on port 8081 (http) with context path '/'
2025-03-24T17:37:10.151+08:00  INFO 33028 --- [mySpringbootProject] [restartedMain] o.e.MySpringbootProjectApplication       : Started MySpringbootProjectApplication in 5.652 seconds (process running for 7.277)
2025-03-24T17:37:12.336+08:00  INFO 33028 --- [mySpringbootProject] [http-nio-8081-exec-1] o.a.c.c.C.[Tomcat].[localhost].[/]       : Initializing Spring DispatcherServlet 'dispatcherServlet'
2025-03-24T17:37:12.337+08:00  INFO 33028 --- [mySpringbootProject] [http-nio-8081-exec-1] o.s.web.servlet.DispatcherServlet        : Initializing Servlet 'dispatcherServlet'
2025-03-24T17:37:12.338+08:00  INFO 33028 --- [mySpringbootProject] [http-nio-8081-exec-1] o.s.web.servlet.DispatcherServlet        : Completed initialization in 1 ms
2025-03-24T17:37:12.486+08:00  INFO 33028 --- [mySpringbootProject] [http-nio-8081-exec-1] com.zaxxer.hikari.HikariDataSource       : HikariPool-1 - Starting...
2025-03-24T17:37:12.905+08:00  INFO 33028 --- [mySpringbootProject] [http-nio-8081-exec-1] com.zaxxer.hikari.pool.HikariPool        : HikariPool-1 - Added connection com.mysql.cj.jdbc.ConnectionImpl@23e99abd
2025-03-24T17:37:12.907+08:00  INFO 33028 --- [mySpringbootProject] [http-nio-8081-exec-1] com.zaxxer.hikari.HikariDataSource       : HikariPool-1 - Start completed.
2025-03-24T17:37:13.028+08:00 ERROR 33028 --- [mySpringbootProject] [http-nio-8081-exec-1] o.a.c.c.C.[.[.[/].[dispatcherServlet]    : Servlet.service() for servlet [dispatcherServlet] in context with path [] threw exception [Request processing failed: org.mybatis.spring.MyBatisSystemException: 
### Error updating database.  Cause: org.apache.ibatis.binding.BindingException: Parameter 'userId' not found. Available parameters are [user_id, role_id, param1, param2]
### The error may exist in file [C:\Users\马冲\Desktop\MySpringBoot\MySpringbootProject\target\classes\mapper\UserRoleMapper.xml]
### The error may involve defaultParameterMap
### The error occurred while setting parameters
### SQL: insert into user_role(user_id,role_id) values (?,?)
### Cause: org.apache.ibatis.binding.BindingException: Parameter 'userId' not found. Available parameters are [user_id, role_id, param1, param2]] with root cause

org.apache.ibatis.binding.BindingException: Parameter 'userId' not found. Available parameters are [user_id, role_id, param1, param2]
	at org.apache.ibatis.binding.MapperMethod$ParamMap.get(MapperMethod.java:210) ~[mybatis-3.5.17.jar:3.5.17]
	at org.apache.ibatis.reflection.wrapper.MapWrapper.get(MapWrapper.java:46) ~[mybatis-3.5.17.jar:3.5.17]
	at org.apache.ibatis.reflection.MetaObject.getValue(MetaObject.java:115) ~[mybatis-3.5.17.jar:3.5.17]
	at org.apache.ibatis.scripting.defaults.DefaultParameterHandler.setParameters(DefaultParameterHandler.java:82) ~[mybatis-3.5.17.jar:3.5.17]
	at org.apache.ibatis.executor.statement.PreparedStatementHandler.parameterize(PreparedStatementHandler.java:97) ~[mybatis-3.5.17.jar:3.5.17]
	at org.apache.ibatis.executor.statement.RoutingStatementHandler.parameterize(RoutingStatementHandler.java:65) ~[mybatis-3.5.17.jar:3.5.17]
	at org.apache.ibatis.executor.SimpleExecutor.prepareStatement(SimpleExecutor.java:91) ~[mybatis-3.5.17.jar:3.5.17]
	at org.apache.ibatis.executor.SimpleExecutor.doUpdate(SimpleExecutor.java:49) ~[mybatis-3.5.17.jar:3.5.17]
	at org.apache.ibatis.executor.BaseExecutor.update(BaseExecutor.java:117) ~[mybatis-3.5.17.jar:3.5.17]
	at org.apache.ibatis.executor.CachingExecutor.update(CachingExecutor.java:76) ~[mybatis-3.5.17.jar:3.5.17]
	at org.apache.ibatis.session.defaults.DefaultSqlSession.update(DefaultSqlSession.java:197) ~[mybatis-3.5.17.jar:3.5.17]
	at org.apache.ibatis.session.defaults.DefaultSqlSession.insert(DefaultSqlSession.java:184) ~[mybatis-3.5.17.jar:3.5.17]
	at java.base/jdk.internal.reflect.DirectMethodHandleAccessor.invoke(DirectMethodHandleAccessor.java:103) ~[na:na]
	at java.base/java.lang.reflect.Method.invoke(Method.java:580) ~[na:na]
	at org.mybatis.spring.SqlSessionTemplate$SqlSessionInterceptor.invoke(SqlSessionTemplate.java:333) ~[mybatis-spring-3.0.4.jar:3.0.4]
	at jdk.proxy2/jdk.proxy2.$Proxy74.insert(Unknown Source) ~[na:na]
	at org.mybatis.spring.SqlSessionTemplate.insert(SqlSessionTemplate.java:224) ~[mybatis-spring-3.0.4.jar:3.0.4]
	at org.apache.ibatis.binding.MapperMethod.execute(MapperMethod.java:62) ~[mybatis-3.5.17.jar:3.5.17]
	at org.apache.ibatis.binding.MapperProxy$PlainMethodInvoker.invoke(MapperProxy.java:141) ~[mybatis-3.5.17.jar:3.5.17]
	at org.apache.ibatis.binding.MapperProxy.invoke(MapperProxy.java:86) ~[mybatis-3.5.17.jar:3.5.17]
	at jdk.proxy3/jdk.proxy3.$Proxy77.addUserRole(Unknown Source) ~[na:na]
	at org.example.service.impl.UserServiceImpl.register(UserServiceImpl.java:40) ~[classes/:na]
	at org.example.controller.UserController.register(UserController.java:39) ~[classes/:na]
	at java.base/jdk.internal.reflect.DirectMethodHandleAccessor.invoke(DirectMethodHandleAccessor.java:103) ~[na:na]
	at java.base/java.lang.reflect.Method.invoke(Method.java:580) ~[na:na]
	at org.springframework.aop.support.AopUtils.invokeJoinpointUsingReflection(AopUtils.java:359) ~[spring-aop-6.2.3.jar:6.2.3]
	at org.springframework.aop.framework.ReflectiveMethodInvocation.invokeJoinpoint(ReflectiveMethodInvocation.java:196) ~[spring-aop-6.2.3.jar:6.2.3]
	at org.springframework.aop.framework.ReflectiveMethodInvocation.proceed(ReflectiveMethodInvocation.java:163) ~[spring-aop-6.2.3.jar:6.2.3]
	at org.springframework.validation.beanvalidation.MethodValidationInterceptor.invoke(MethodValidationInterceptor.java:174) ~[spring-context-6.2.3.jar:6.2.3]
	at org.springframework.aop.framework.ReflectiveMethodInvocation.proceed(ReflectiveMethodInvocation.java:184) ~[spring-aop-6.2.3.jar:6.2.3]
	at org.springframework.aop.framework.CglibAopProxy$DynamicAdvisedInterceptor.intercept(CglibAopProxy.java:727) ~[spring-aop-6.2.3.jar:6.2.3]
	at org.example.controller.UserController$$SpringCGLIB$$0.register(<generated>) ~[classes/:na]
	at java.base/jdk.internal.reflect.DirectMethodHandleAccessor.invoke(DirectMethodHandleAccessor.java:103) ~[na:na]
	at java.base/java.lang.reflect.Method.invoke(Method.java:580) ~[na:na]
	at org.springframework.web.method.support.InvocableHandlerMethod.doInvoke(InvocableHandlerMethod.java:257) ~[spring-web-6.2.3.jar:6.2.3]
	at org.springframework.web.method.support.InvocableHandlerMethod.invokeForRequest(InvocableHandlerMethod.java:190) ~[spring-web-6.2.3.jar:6.2.3]
	at org.springframework.web.servlet.mvc.method.annotation.ServletInvocableHandlerMethod.invokeAndHandle(ServletInvocableHandlerMethod.java:118) ~[spring-webmvc-6.2.3.jar:6.2.3]
	at org.springframework.web.servlet.mvc.method.annotation.RequestMappingHandlerAdapter.invokeHandlerMethod(RequestMappingHandlerAdapter.java:986) ~[spring-webmvc-6.2.3.jar:6.2.3]
	at org.springframework.web.servlet.mvc.method.annotation.RequestMappingHandlerAdapter.handleInternal(RequestMappingHandlerAdapter.java:891) ~[spring-webmvc-6.2.3.jar:6.2.3]
	at org.springframework.web.servlet.mvc.method.AbstractHandlerMethodAdapter.handle(AbstractHandlerMethodAdapter.java:87) ~[spring-webmvc-6.2.3.jar:6.2.3]
	at org.springframework.web.servlet.DispatcherServlet.doDispatch(DispatcherServlet.java:1088) ~[spring-webmvc-6.2.3.jar:6.2.3]
	at org.springframework.web.servlet.DispatcherServlet.doService(DispatcherServlet.java:978) ~[spring-webmvc-6.2.3.jar:6.2.3]
	at org.springframework.web.servlet.FrameworkServlet.processRequest(FrameworkServlet.java:1014) ~[spring-webmvc-6.2.3.jar:6.2.3]
	at org.springframework.web.servlet.FrameworkServlet.doPost(FrameworkServlet.java:914) ~[spring-webmvc-6.2.3.jar:6.2.3]
	at jakarta.servlet.http.HttpServlet.service(HttpServlet.java:590) ~[tomcat-embed-core-10.1.36.jar:6.0]
	at org.springframework.web.servlet.FrameworkServlet.service(FrameworkServlet.java:885) ~[spring-webmvc-6.2.3.jar:6.2.3]
	at jakarta.servlet.http.HttpServlet.service(HttpServlet.java:658) ~[tomcat-embed-core-10.1.36.jar:6.0]
	at org.apache.catalina.core.ApplicationFilterChain.internalDoFilter(ApplicationFilterChain.java:195) ~[tomcat-embed-core-10.1.36.jar:10.1.36]
	at org.apache.catalina.core.ApplicationFilterChain.doFilter(ApplicationFilterChain.java:140) ~[tomcat-embed-core-10.1.36.jar:10.1.36]
	at org.apache.tomcat.websocket.server.WsFilter.doFilter(WsFilter.java:51) ~[tomcat-embed-websocket-10.1.36.jar:10.1.36]
	at org.apache.catalina.core.ApplicationFilterChain.internalDoFilter(ApplicationFilterChain.java:164) ~[tomcat-embed-core-10.1.36.jar:10.1.36]
	at org.apache.catalina.core.ApplicationFilterChain.doFilter(ApplicationFilterChain.java:140) ~[tomcat-embed-core-10.1.36.jar:10.1.36]
	at org.springframework.web.filter.RequestContextFilter.doFilterInternal(RequestContextFilter.java:100) ~[spring-web-6.2.3.jar:6.2.3]
	at org.springframework.web.filter.OncePerRequestFilter.doFilter(OncePerRequestFilter.java:116) ~[spring-web-6.2.3.jar:6.2.3]
	at org.apache.catalina.core.ApplicationFilterChain.internalDoFilter(ApplicationFilterChain.java:164) ~[tomcat-embed-core-10.1.36.jar:10.1.36]
	at org.apache.catalina.core.ApplicationFilterChain.doFilter(ApplicationFilterChain.java:140) ~[tomcat-embed-core-10.1.36.jar:10.1.36]
	at org.springframework.web.filter.FormContentFilter.doFilterInternal(FormContentFilter.java:93) ~[spring-web-6.2.3.jar:6.2.3]
	at org.springframework.web.filter.OncePerRequestFilter.doFilter(OncePerRequestFilter.java:116) ~[spring-web-6.2.3.jar:6.2.3]
	at org.apache.catalina.core.ApplicationFilterChain.internalDoFilter(ApplicationFilterChain.java:164) ~[tomcat-embed-core-10.1.36.jar:10.1.36]
	at org.apache.catalina.core.ApplicationFilterChain.doFilter(ApplicationFilterChain.java:140) ~[tomcat-embed-core-10.1.36.jar:10.1.36]
	at org.springframework.web.filter.CharacterEncodingFilter.doFilterInternal(CharacterEncodingFilter.java:201) ~[spring-web-6.2.3.jar:6.2.3]
	at org.springframework.web.filter.OncePerRequestFilter.doFilter(OncePerRequestFilter.java:116) ~[spring-web-6.2.3.jar:6.2.3]
	at org.apache.catalina.core.ApplicationFilterChain.internalDoFilter(ApplicationFilterChain.java:164) ~[tomcat-embed-core-10.1.36.jar:10.1.36]
	at org.apache.catalina.core.ApplicationFilterChain.doFilter(ApplicationFilterChain.java:140) ~[tomcat-embed-core-10.1.36.jar:10.1.36]
	at org.apache.catalina.core.StandardWrapperValve.invoke(StandardWrapperValve.java:167) ~[tomcat-embed-core-10.1.36.jar:10.1.36]
	at org.apache.catalina.core.StandardContextValve.invoke(StandardContextValve.java:90) ~[tomcat-embed-core-10.1.36.jar:10.1.36]
	at org.apache.catalina.authenticator.AuthenticatorBase.invoke(AuthenticatorBase.java:483) ~[tomcat-embed-core-10.1.36.jar:10.1.36]
	at org.apache.catalina.core.StandardHostValve.invoke(StandardHostValve.java:115) ~[tomcat-embed-core-10.1.36.jar:10.1.36]
	at org.apache.catalina.valves.ErrorReportValve.invoke(ErrorReportValve.java:93) ~[tomcat-embed-core-10.1.36.jar:10.1.36]
	at org.apache.catalina.core.StandardEngineValve.invoke(StandardEngineValve.java:74) ~[tomcat-embed-core-10.1.36.jar:10.1.36]
	at org.apache.catalina.connector.CoyoteAdapter.service(CoyoteAdapter.java:344) ~[tomcat-embed-core-10.1.36.jar:10.1.36]
	at org.apache.coyote.http11.Http11Processor.service(Http11Processor.java:397) ~[tomcat-embed-core-10.1.36.jar:10.1.36]
	at org.apache.coyote.AbstractProcessorLight.process(AbstractProcessorLight.java:63) ~[tomcat-embed-core-10.1.36.jar:10.1.36]
	at org.apache.coyote.AbstractProtocol$ConnectionHandler.process(AbstractProtocol.java:905) ~[tomcat-embed-core-10.1.36.jar:10.1.36]
	at org.apache.tomcat.util.net.NioEndpoint$SocketProcessor.doRun(NioEndpoint.java:1743) ~[tomcat-embed-core-10.1.36.jar:10.1.36]
	at org.apache.tomcat.util.net.SocketProcessorBase.run(SocketProcessorBase.java:52) ~[tomcat-embed-core-10.1.36.jar:10.1.36]
	at org.apache.tomcat.util.threads.ThreadPoolExecutor.runWorker(ThreadPoolExecutor.java:1190) ~[tomcat-embed-core-10.1.36.jar:10.1.36]
	at org.apache.tomcat.util.threads.ThreadPoolExecutor$Worker.run(ThreadPoolExecutor.java:659) ~[tomcat-embed-core-10.1.36.jar:10.1.36]
	at org.apache.tomcat.util.threads.TaskThread$WrappingRunnable.run(TaskThread.java:63) ~[tomcat-embed-core-10.1.36.jar:10.1.36]
	at java.base/java.lang.Thread.run(Thread.java:1570) ~[na:na]

2025-03-24T17:39:33.387+08:00  INFO 33028 --- [mySpringbootProject] [File Watcher] rtingClassPathChangeChangedEventListener : Restarting due to 1 class path change (0 additions, 1 deletion, 0 modifications)
2025-03-24T17:39:33.421+08:00  INFO 33028 --- [mySpringbootProject] [Thread-5] o.s.b.w.e.tomcat.GracefulShutdown        : Commencing graceful shutdown. Waiting for active requests to complete
2025-03-24T17:39:33.449+08:00  INFO 33028 --- [mySpringbootProject] [tomcat-shutdown] o.s.b.w.e.tomcat.GracefulShutdown        : Graceful shutdown complete
2025-03-24T17:39:33.490+08:00  INFO 33028 --- [mySpringbootProject] [Thread-5] com.zaxxer.hikari.HikariDataSource       : HikariPool-1 - Shutdown initiated...
2025-03-24T17:39:33.594+08:00  INFO 33028 --- [mySpringbootProject] [Thread-5] com.zaxxer.hikari.HikariDataSource       : HikariPool-1 - Shutdown completed.
2025-03-24T17:39:33.837+08:00  INFO 33028 --- [mySpringbootProject] [restartedMain] o.e.MySpringbootProjectApplication       : Starting MySpringbootProjectApplication using Java 22.0.2 with PID 33028 (C:\Users\马冲\Desktop\MySpringBoot\MySpringbootProject\target\classes started by 马冲 in C:\Users\马冲\Desktop\MySpringBoot\MySpringbootProject)
2025-03-24T17:39:33.838+08:00 DEBUG 33028 --- [mySpringbootProject] [restartedMain] o.e.MySpringbootProjectApplication       : Running with Spring Boot v3.4.3, Spring v6.2.3
2025-03-24T17:39:33.838+08:00  INFO 33028 --- [mySpringbootProject] [restartedMain] o.e.MySpringbootProjectApplication       : No active profile set, falling back to 1 default profile: "default"
2025-03-24T17:39:35.398+08:00  INFO 33028 --- [mySpringbootProject] [restartedMain] .s.d.r.c.RepositoryConfigurationDelegate : Multiple Spring Data modules found, entering strict repository configuration mode
2025-03-24T17:39:35.399+08:00  INFO 33028 --- [mySpringbootProject] [restartedMain] .s.d.r.c.RepositoryConfigurationDelegate : Bootstrapping Spring Data Redis repositories in DEFAULT mode.
2025-03-24T17:39:35.407+08:00  INFO 33028 --- [mySpringbootProject] [restartedMain] .s.d.r.c.RepositoryConfigurationDelegate : Finished Spring Data repository scanning in 5 ms. Found 0 Redis repository interfaces.
2025-03-24T17:39:35.533+08:00  INFO 33028 --- [mySpringbootProject] [restartedMain] o.s.b.w.embedded.tomcat.TomcatWebServer  : Tomcat initialized with port 8081 (http)
2025-03-24T17:39:35.534+08:00  INFO 33028 --- [mySpringbootProject] [restartedMain] o.apache.catalina.core.StandardService   : Starting service [Tomcat]
2025-03-24T17:39:35.534+08:00  INFO 33028 --- [mySpringbootProject] [restartedMain] o.apache.catalina.core.StandardEngine    : Starting Servlet engine: [Apache Tomcat/10.1.36]
2025-03-24T17:39:35.558+08:00  INFO 33028 --- [mySpringbootProject] [restartedMain] o.a.c.c.C.[Tomcat].[localhost].[/]       : Initializing Spring embedded WebApplicationContext
2025-03-24T17:39:35.558+08:00  INFO 33028 --- [mySpringbootProject] [restartedMain] w.s.c.ServletWebServerApplicationContext : Root WebApplicationContext: initialization completed in 1715 ms
2025-03-24T17:39:35.577+08:00  WARN 33028 --- [mySpringbootProject] [restartedMain] ConfigServletWebServerApplicationContext : Exception encountered during context initialization - cancelling refresh attempt: org.springframework.beans.factory.UnsatisfiedDependencyException: Error creating bean with name 'userController': Unsatisfied dependency expressed through field 'userService': Error creating bean with name 'userServiceImpl' defined in file [C:\Users\马冲\Desktop\MySpringBoot\MySpringbootProject\target\classes\org\example\service\impl\UserServiceImpl.class]: Post-processing of merged bean definition failed
2025-03-24T17:39:35.578+08:00  INFO 33028 --- [mySpringbootProject] [restartedMain] o.apache.catalina.core.StandardService   : Stopping service [Tomcat]
2025-03-24T17:39:35.586+08:00  INFO 33028 --- [mySpringbootProject] [restartedMain] .s.b.a.l.ConditionEvaluationReportLogger : 

Error starting ApplicationContext. To display the condition evaluation report re-run your application with 'debug' enabled.
2025-03-24T17:39:35.615+08:00 ERROR 33028 --- [mySpringbootProject] [restartedMain] o.s.boot.SpringApplication               : Application run failed

org.springframework.beans.factory.UnsatisfiedDependencyException: Error creating bean with name 'userController': Unsatisfied dependency expressed through field 'userService': Error creating bean with name 'userServiceImpl' defined in file [C:\Users\马冲\Desktop\MySpringBoot\MySpringbootProject\target\classes\org\example\service\impl\UserServiceImpl.class]: Post-processing of merged bean definition failed
	at org.springframework.beans.factory.annotation.AutowiredAnnotationBeanPostProcessor$AutowiredFieldElement.resolveFieldValue(AutowiredAnnotationBeanPostProcessor.java:788) ~[spring-beans-6.2.3.jar:6.2.3]
	at org.springframework.beans.factory.annotation.AutowiredAnnotationBeanPostProcessor$AutowiredFieldElement.inject(AutowiredAnnotationBeanPostProcessor.java:768) ~[spring-beans-6.2.3.jar:6.2.3]
	at org.springframework.beans.factory.annotation.InjectionMetadata.inject(InjectionMetadata.java:146) ~[spring-beans-6.2.3.jar:6.2.3]
	at org.springframework.beans.factory.annotation.AutowiredAnnotationBeanPostProcessor.postProcessProperties(AutowiredAnnotationBeanPostProcessor.java:509) ~[spring-beans-6.2.3.jar:6.2.3]
	at org.springframework.beans.factory.support.AbstractAutowireCapableBeanFactory.populateBean(AbstractAutowireCapableBeanFactory.java:1445) ~[spring-beans-6.2.3.jar:6.2.3]
	at org.springframework.beans.factory.support.AbstractAutowireCapableBeanFactory.doCreateBean(AbstractAutowireCapableBeanFactory.java:600) ~[spring-beans-6.2.3.jar:6.2.3]
	at org.springframework.beans.factory.support.AbstractAutowireCapableBeanFactory.createBean(AbstractAutowireCapableBeanFactory.java:523) ~[spring-beans-6.2.3.jar:6.2.3]
	at org.springframework.beans.factory.support.AbstractBeanFactory.lambda$doGetBean$0(AbstractBeanFactory.java:339) ~[spring-beans-6.2.3.jar:6.2.3]
	at org.springframework.beans.factory.support.DefaultSingletonBeanRegistry.getSingleton(DefaultSingletonBeanRegistry.java:346) ~[spring-beans-6.2.3.jar:6.2.3]
	at org.springframework.beans.factory.support.AbstractBeanFactory.doGetBean(AbstractBeanFactory.java:337) ~[spring-beans-6.2.3.jar:6.2.3]
	at org.springframework.beans.factory.support.AbstractBeanFactory.getBean(AbstractBeanFactory.java:202) ~[spring-beans-6.2.3.jar:6.2.3]
	at org.springframework.beans.factory.support.DefaultListableBeanFactory.instantiateSingleton(DefaultListableBeanFactory.java:1155) ~[spring-beans-6.2.3.jar:6.2.3]
	at org.springframework.beans.factory.support.DefaultListableBeanFactory.preInstantiateSingleton(DefaultListableBeanFactory.java:1121) ~[spring-beans-6.2.3.jar:6.2.3]
	at org.springframework.beans.factory.support.DefaultListableBeanFactory.preInstantiateSingletons(DefaultListableBeanFactory.java:1056) ~[spring-beans-6.2.3.jar:6.2.3]
	at org.springframework.context.support.AbstractApplicationContext.finishBeanFactoryInitialization(AbstractApplicationContext.java:987) ~[spring-context-6.2.3.jar:6.2.3]
	at org.springframework.context.support.AbstractApplicationContext.refresh(AbstractApplicationContext.java:627) ~[spring-context-6.2.3.jar:6.2.3]
	at org.springframework.boot.web.servlet.context.ServletWebServerApplicationContext.refresh(ServletWebServerApplicationContext.java:146) ~[spring-boot-3.4.3.jar:3.4.3]
	at org.springframework.boot.SpringApplication.refresh(SpringApplication.java:752) ~[spring-boot-3.4.3.jar:3.4.3]
	at org.springframework.boot.SpringApplication.refreshContext(SpringApplication.java:439) ~[spring-boot-3.4.3.jar:3.4.3]
	at org.springframework.boot.SpringApplication.run(SpringApplication.java:318) ~[spring-boot-3.4.3.jar:3.4.3]
	at org.springframework.boot.SpringApplication.run(SpringApplication.java:1361) ~[spring-boot-3.4.3.jar:3.4.3]
	at org.springframework.boot.SpringApplication.run(SpringApplication.java:1350) ~[spring-boot-3.4.3.jar:3.4.3]
	at org.example.MySpringbootProjectApplication.main(MySpringbootProjectApplication.java:12) ~[classes/:na]
	at java.base/jdk.internal.reflect.DirectMethodHandleAccessor.invoke(DirectMethodHandleAccessor.java:103) ~[na:na]
	at java.base/java.lang.reflect.Method.invoke(Method.java:580) ~[na:na]
	at org.springframework.boot.devtools.restart.RestartLauncher.run(RestartLauncher.java:50) ~[spring-boot-devtools-3.4.3.jar:3.4.3]
Caused by: org.springframework.beans.factory.BeanCreationException: Error creating bean with name 'userServiceImpl' defined in file [C:\Users\马冲\Desktop\MySpringBoot\MySpringbootProject\target\classes\org\example\service\impl\UserServiceImpl.class]: Post-processing of merged bean definition failed
	at org.springframework.beans.factory.support.AbstractAutowireCapableBeanFactory.doCreateBean(AbstractAutowireCapableBeanFactory.java:578) ~[spring-beans-6.2.3.jar:6.2.3]
	at org.springframework.beans.factory.support.AbstractAutowireCapableBeanFactory.createBean(AbstractAutowireCapableBeanFactory.java:523) ~[spring-beans-6.2.3.jar:6.2.3]
	at org.springframework.beans.factory.support.AbstractBeanFactory.lambda$doGetBean$0(AbstractBeanFactory.java:339) ~[spring-beans-6.2.3.jar:6.2.3]
	at org.springframework.beans.factory.support.DefaultSingletonBeanRegistry.getSingleton(DefaultSingletonBeanRegistry.java:346) ~[spring-beans-6.2.3.jar:6.2.3]
	at org.springframework.beans.factory.support.AbstractBeanFactory.doGetBean(AbstractBeanFactory.java:337) ~[spring-beans-6.2.3.jar:6.2.3]
	at org.springframework.beans.factory.support.AbstractBeanFactory.getBean(AbstractBeanFactory.java:202) ~[spring-beans-6.2.3.jar:6.2.3]
	at org.springframework.beans.factory.config.DependencyDescriptor.resolveCandidate(DependencyDescriptor.java:254) ~[spring-beans-6.2.3.jar:6.2.3]
	at org.springframework.beans.factory.support.DefaultListableBeanFactory.doResolveDependency(DefaultListableBeanFactory.java:1664) ~[spring-beans-6.2.3.jar:6.2.3]
	at org.springframework.beans.factory.support.DefaultListableBeanFactory.resolveDependency(DefaultListableBeanFactory.java:1552) ~[spring-beans-6.2.3.jar:6.2.3]
	at org.springframework.beans.factory.annotation.AutowiredAnnotationBeanPostProcessor$AutowiredFieldElement.resolveFieldValue(AutowiredAnnotationBeanPostProcessor.java:785) ~[spring-beans-6.2.3.jar:6.2.3]
	... 25 common frames omitted
Caused by: java.lang.IllegalStateException: Failed to introspect Class [org.example.service.impl.UserServiceImpl] from ClassLoader [org.springframework.boot.devtools.restart.classloader.RestartClassLoader@498e5f36]
	at org.springframework.util.ReflectionUtils.getDeclaredFields(ReflectionUtils.java:756) ~[spring-core-6.2.3.jar:6.2.3]
	at org.springframework.util.ReflectionUtils.doWithLocalFields(ReflectionUtils.java:689) ~[spring-core-6.2.3.jar:6.2.3]
	at org.springframework.context.annotation.CommonAnnotationBeanPostProcessor.buildResourceMetadata(CommonAnnotationBeanPostProcessor.java:432) ~[spring-context-6.2.3.jar:6.2.3]
	at org.springframework.context.annotation.CommonAnnotationBeanPostProcessor.findResourceMetadata(CommonAnnotationBeanPostProcessor.java:413) ~[spring-context-6.2.3.jar:6.2.3]
	at org.springframework.context.annotation.CommonAnnotationBeanPostProcessor.postProcessMergedBeanDefinition(CommonAnnotationBeanPostProcessor.java:313) ~[spring-context-6.2.3.jar:6.2.3]
	at org.springframework.beans.factory.support.AbstractAutowireCapableBeanFactory.applyMergedBeanDefinitionPostProcessors(AbstractAutowireCapableBeanFactory.java:1109) ~[spring-beans-6.2.3.jar:6.2.3]
	at org.springframework.beans.factory.support.AbstractAutowireCapableBeanFactory.doCreateBean(AbstractAutowireCapableBeanFactory.java:575) ~[spring-beans-6.2.3.jar:6.2.3]
	... 34 common frames omitted
Caused by: java.lang.NoClassDefFoundError: org/example/mapper/UserRoleMapper
	at java.base/java.lang.Class.getDeclaredFields0(Native Method) ~[na:na]
	at java.base/java.lang.Class.privateGetDeclaredFields(Class.java:3496) ~[na:na]
	at java.base/java.lang.Class.getDeclaredFields(Class.java:2552) ~[na:na]
	at org.springframework.util.ReflectionUtils.getDeclaredFields(ReflectionUtils.java:751) ~[spring-core-6.2.3.jar:6.2.3]
	... 40 common frames omitted
Caused by: java.lang.ClassNotFoundException: org.example.mapper.UserRoleMapper
	at java.base/jdk.internal.loader.BuiltinClassLoader.loadClass(BuiltinClassLoader.java:641) ~[na:na]
	at java.base/jdk.internal.loader.ClassLoaders$AppClassLoader.loadClass(ClassLoaders.java:188) ~[na:na]
	at java.base/java.lang.ClassLoader.loadClass(ClassLoader.java:525) ~[na:na]
	at java.base/java.lang.Class.forName0(Native Method) ~[na:na]
	at java.base/java.lang.Class.forName(Class.java:529) ~[na:na]
	at java.base/java.lang.Class.forName(Class.java:508) ~[na:na]
	at org.springframework.boot.devtools.restart.classloader.RestartClassLoader.loadClass(RestartClassLoader.java:121) ~[spring-boot-devtools-3.4.3.jar:3.4.3]
	at java.base/java.lang.ClassLoader.loadClass(ClassLoader.java:525) ~[na:na]
	... 44 common frames omitted

2025-03-24T17:39:38.124+08:00  INFO 33028 --- [mySpringbootProject] [restartedMain] o.e.MySpringbootProjectApplication       : Starting MySpringbootProjectApplication using Java 22.0.2 with PID 33028 (C:\Users\马冲\Desktop\MySpringBoot\MySpringbootProject\target\classes started by 马冲 in C:\Users\马冲\Desktop\MySpringBoot\MySpringbootProject)
2025-03-24T17:39:38.124+08:00 DEBUG 33028 --- [mySpringbootProject] [restartedMain] o.e.MySpringbootProjectApplication       : Running with Spring Boot v3.4.3, Spring v6.2.3
2025-03-24T17:39:38.125+08:00  INFO 33028 --- [mySpringbootProject] [restartedMain] o.e.MySpringbootProjectApplication       : No active profile set, falling back to 1 default profile: "default"
2025-03-24T17:39:38.533+08:00  INFO 33028 --- [mySpringbootProject] [restartedMain] .s.d.r.c.RepositoryConfigurationDelegate : Multiple Spring Data modules found, entering strict repository configuration mode
2025-03-24T17:39:38.533+08:00  INFO 33028 --- [mySpringbootProject] [restartedMain] .s.d.r.c.RepositoryConfigurationDelegate : Bootstrapping Spring Data Redis repositories in DEFAULT mode.
2025-03-24T17:39:38.577+08:00  INFO 33028 --- [mySpringbootProject] [restartedMain] .s.d.r.c.RepositoryConfigurationDelegate : Finished Spring Data repository scanning in 41 ms. Found 0 Redis repository interfaces.
2025-03-24T17:39:38.863+08:00  INFO 33028 --- [mySpringbootProject] [restartedMain] o.s.b.w.embedded.tomcat.TomcatWebServer  : Tomcat initialized with port 8081 (http)
2025-03-24T17:39:38.873+08:00  INFO 33028 --- [mySpringbootProject] [restartedMain] o.apache.catalina.core.StandardService   : Starting service [Tomcat]
2025-03-24T17:39:38.875+08:00  INFO 33028 --- [mySpringbootProject] [restartedMain] o.apache.catalina.core.StandardEngine    : Starting Servlet engine: [Apache Tomcat/10.1.36]
2025-03-24T17:39:39.256+08:00  INFO 33028 --- [mySpringbootProject] [restartedMain] o.a.c.c.C.[Tomcat-1].[localhost].[/]     : Initializing Spring embedded WebApplicationContext
2025-03-24T17:39:39.256+08:00  INFO 33028 --- [mySpringbootProject] [restartedMain] w.s.c.ServletWebServerApplicationContext : Root WebApplicationContext: initialization completed in 1129 ms
2025-03-24T17:39:39.758+08:00  INFO 33028 --- [mySpringbootProject] [restartedMain] o.s.b.d.a.OptionalLiveReloadServer       : LiveReload server is running on port 35729
2025-03-24T17:39:39.782+08:00  INFO 33028 --- [mySpringbootProject] [restartedMain] o.s.b.w.embedded.tomcat.TomcatWebServer  : Tomcat started on port 8081 (http) with context path '/'
2025-03-24T17:39:39.785+08:00  INFO 33028 --- [mySpringbootProject] [restartedMain] o.e.MySpringbootProjectApplication       : Started MySpringbootProjectApplication in 1.7 seconds (process running for 156.911)
2025-03-24T17:39:39.788+08:00  INFO 33028 --- [mySpringbootProject] [restartedMain] .ConditionEvaluationDeltaLoggingListener : Condition evaluation unchanged
2025-03-24T17:43:53.761+08:00  INFO 33028 --- [mySpringbootProject] [SpringApplicationShutdownHook] o.s.b.w.e.tomcat.GracefulShutdown        : Commencing graceful shutdown. Waiting for active requests to complete
2025-03-24T17:43:53.765+08:00  INFO 33028 --- [mySpringbootProject] [tomcat-shutdown] o.s.b.w.e.tomcat.GracefulShutdown        : Graceful shutdown complete
2025-03-24T17:43:56.767+08:00  INFO 19592 --- [mySpringbootProject] [restartedMain] o.e.MySpringbootProjectApplication       : Starting MySpringbootProjectApplication using Java 22.0.2 with PID 19592 (C:\Users\马冲\Desktop\MySpringBoot\MySpringbootProject\target\classes started by 马冲 in C:\Users\马冲\Desktop\MySpringBoot\MySpringbootProject)
2025-03-24T17:43:56.770+08:00 DEBUG 19592 --- [mySpringbootProject] [restartedMain] o.e.MySpringbootProjectApplication       : Running with Spring Boot v3.4.3, Spring v6.2.3
2025-03-24T17:43:56.771+08:00  INFO 19592 --- [mySpringbootProject] [restartedMain] o.e.MySpringbootProjectApplication       : No active profile set, falling back to 1 default profile: "default"
2025-03-24T17:43:56.830+08:00  INFO 19592 --- [mySpringbootProject] [restartedMain] .e.DevToolsPropertyDefaultsPostProcessor : Devtools property defaults active! Set 'spring.devtools.add-properties' to 'false' to disable
2025-03-24T17:43:56.830+08:00  INFO 19592 --- [mySpringbootProject] [restartedMain] .e.DevToolsPropertyDefaultsPostProcessor : For additional web related logging consider setting the 'logging.level.web' property to 'DEBUG'
2025-03-24T17:43:57.734+08:00  INFO 19592 --- [mySpringbootProject] [restartedMain] .s.d.r.c.RepositoryConfigurationDelegate : Multiple Spring Data modules found, entering strict repository configuration mode
2025-03-24T17:43:57.738+08:00  INFO 19592 --- [mySpringbootProject] [restartedMain] .s.d.r.c.RepositoryConfigurationDelegate : Bootstrapping Spring Data Redis repositories in DEFAULT mode.
2025-03-24T17:43:57.789+08:00  INFO 19592 --- [mySpringbootProject] [restartedMain] .s.d.r.c.RepositoryConfigurationDelegate : Finished Spring Data repository scanning in 27 ms. Found 0 Redis repository interfaces.
2025-03-24T17:43:58.583+08:00  INFO 19592 --- [mySpringbootProject] [restartedMain] o.s.b.w.embedded.tomcat.TomcatWebServer  : Tomcat initialized with port 8081 (http)
2025-03-24T17:43:58.605+08:00  INFO 19592 --- [mySpringbootProject] [restartedMain] o.apache.catalina.core.StandardService   : Starting service [Tomcat]
2025-03-24T17:43:58.605+08:00  INFO 19592 --- [mySpringbootProject] [restartedMain] o.apache.catalina.core.StandardEngine    : Starting Servlet engine: [Apache Tomcat/10.1.36]
2025-03-24T17:43:58.674+08:00  INFO 19592 --- [mySpringbootProject] [restartedMain] o.a.c.c.C.[Tomcat].[localhost].[/]       : Initializing Spring embedded WebApplicationContext
2025-03-24T17:43:58.675+08:00  INFO 19592 --- [mySpringbootProject] [restartedMain] w.s.c.ServletWebServerApplicationContext : Root WebApplicationContext: initialization completed in 1844 ms
2025-03-24T17:44:00.159+08:00  INFO 19592 --- [mySpringbootProject] [restartedMain] o.s.b.d.a.OptionalLiveReloadServer       : LiveReload server is running on port 35729
2025-03-24T17:44:00.207+08:00  INFO 19592 --- [mySpringbootProject] [restartedMain] o.s.b.w.embedded.tomcat.TomcatWebServer  : Tomcat started on port 8081 (http) with context path '/'
2025-03-24T17:44:00.217+08:00  INFO 19592 --- [mySpringbootProject] [restartedMain] o.e.MySpringbootProjectApplication       : Started MySpringbootProjectApplication in 4.064 seconds (process running for 5.295)
2025-03-24T17:44:09.219+08:00  INFO 19592 --- [mySpringbootProject] [http-nio-8081-exec-1] o.a.c.c.C.[Tomcat].[localhost].[/]       : Initializing Spring DispatcherServlet 'dispatcherServlet'
2025-03-24T17:44:09.220+08:00  INFO 19592 --- [mySpringbootProject] [http-nio-8081-exec-1] o.s.web.servlet.DispatcherServlet        : Initializing Servlet 'dispatcherServlet'
2025-03-24T17:44:09.221+08:00  INFO 19592 --- [mySpringbootProject] [http-nio-8081-exec-1] o.s.web.servlet.DispatcherServlet        : Completed initialization in 1 ms
2025-03-24T17:44:09.364+08:00  INFO 19592 --- [mySpringbootProject] [http-nio-8081-exec-1] com.zaxxer.hikari.HikariDataSource       : HikariPool-1 - Starting...
2025-03-24T17:44:09.923+08:00  INFO 19592 --- [mySpringbootProject] [http-nio-8081-exec-1] com.zaxxer.hikari.pool.HikariPool        : HikariPool-1 - Added connection com.mysql.cj.jdbc.ConnectionImpl@2a40abc0
2025-03-24T17:44:09.925+08:00  INFO 19592 --- [mySpringbootProject] [http-nio-8081-exec-1] com.zaxxer.hikari.HikariDataSource       : HikariPool-1 - Start completed.
2025-03-24T17:44:10.825+08:00 ERROR 19592 --- [mySpringbootProject] [http-nio-8081-exec-1] o.a.c.c.C.[.[.[/].[dispatcherServlet]    : Servlet.service() for servlet [dispatcherServlet] in context with path [] threw exception [Request processing failed: org.springframework.dao.DuplicateKeyException: 
### Error updating database.  Cause: java.sql.SQLIntegrityConstraintViolationException: Duplicate entry '1-3' for key 'user_role.PRIMARY'
### The error may exist in file [C:\Users\马冲\Desktop\MySpringBoot\MySpringbootProject\target\classes\mapper\UserRoleMapper.xml]
### The error may involve defaultParameterMap
### The error occurred while setting parameters
### SQL: insert into user_role(user_id,role_id) values (?,?)
### Cause: java.sql.SQLIntegrityConstraintViolationException: Duplicate entry '1-3' for key 'user_role.PRIMARY'
; Duplicate entry '1-3' for key 'user_role.PRIMARY'] with root cause

java.sql.SQLIntegrityConstraintViolationException: Duplicate entry '1-3' for key 'user_role.PRIMARY'
	at com.mysql.cj.jdbc.exceptions.SQLError.createSQLException(SQLError.java:109) ~[mysql-connector-j-9.1.0.jar:9.1.0]
	at com.mysql.cj.jdbc.exceptions.SQLExceptionsMapping.translateException(SQLExceptionsMapping.java:114) ~[mysql-connector-j-9.1.0.jar:9.1.0]
	at com.mysql.cj.jdbc.ClientPreparedStatement.executeInternal(ClientPreparedStatement.java:988) ~[mysql-connector-j-9.1.0.jar:9.1.0]
	at com.mysql.cj.jdbc.ClientPreparedStatement.execute(ClientPreparedStatement.java:382) ~[mysql-connector-j-9.1.0.jar:9.1.0]
	at com.zaxxer.hikari.pool.ProxyPreparedStatement.execute(ProxyPreparedStatement.java:44) ~[HikariCP-5.1.0.jar:na]
	at com.zaxxer.hikari.pool.HikariProxyPreparedStatement.execute(HikariProxyPreparedStatement.java) ~[HikariCP-5.1.0.jar:na]
	at java.base/jdk.internal.reflect.DirectMethodHandleAccessor.invoke(DirectMethodHandleAccessor.java:103) ~[na:na]
	at java.base/java.lang.reflect.Method.invoke(Method.java:580) ~[na:na]
	at org.apache.ibatis.logging.jdbc.PreparedStatementLogger.invoke(PreparedStatementLogger.java:58) ~[mybatis-3.5.17.jar:3.5.17]
	at jdk.proxy4/jdk.proxy4.$Proxy90.execute(Unknown Source) ~[na:na]
	at org.apache.ibatis.executor.statement.PreparedStatementHandler.update(PreparedStatementHandler.java:48) ~[mybatis-3.5.17.jar:3.5.17]
	at org.apache.ibatis.executor.statement.RoutingStatementHandler.update(RoutingStatementHandler.java:75) ~[mybatis-3.5.17.jar:3.5.17]
	at org.apache.ibatis.executor.SimpleExecutor.doUpdate(SimpleExecutor.java:50) ~[mybatis-3.5.17.jar:3.5.17]
	at org.apache.ibatis.executor.BaseExecutor.update(BaseExecutor.java:117) ~[mybatis-3.5.17.jar:3.5.17]
	at org.apache.ibatis.executor.CachingExecutor.update(CachingExecutor.java:76) ~[mybatis-3.5.17.jar:3.5.17]
	at org.apache.ibatis.session.defaults.DefaultSqlSession.update(DefaultSqlSession.java:197) ~[mybatis-3.5.17.jar:3.5.17]
	at org.apache.ibatis.session.defaults.DefaultSqlSession.insert(DefaultSqlSession.java:184) ~[mybatis-3.5.17.jar:3.5.17]
	at java.base/jdk.internal.reflect.DirectMethodHandleAccessor.invoke(DirectMethodHandleAccessor.java:103) ~[na:na]
	at java.base/java.lang.reflect.Method.invoke(Method.java:580) ~[na:na]
	at org.mybatis.spring.SqlSessionTemplate$SqlSessionInterceptor.invoke(SqlSessionTemplate.java:333) ~[mybatis-spring-3.0.4.jar:3.0.4]
	at jdk.proxy2/jdk.proxy2.$Proxy74.insert(Unknown Source) ~[na:na]
	at org.mybatis.spring.SqlSessionTemplate.insert(SqlSessionTemplate.java:224) ~[mybatis-spring-3.0.4.jar:3.0.4]
	at org.apache.ibatis.binding.MapperMethod.execute(MapperMethod.java:62) ~[mybatis-3.5.17.jar:3.5.17]
	at org.apache.ibatis.binding.MapperProxy$PlainMethodInvoker.invoke(MapperProxy.java:141) ~[mybatis-3.5.17.jar:3.5.17]
	at org.apache.ibatis.binding.MapperProxy.invoke(MapperProxy.java:86) ~[mybatis-3.5.17.jar:3.5.17]
	at jdk.proxy3/jdk.proxy3.$Proxy77.addUserRole(Unknown Source) ~[na:na]
	at org.example.service.impl.UserServiceImpl.register(UserServiceImpl.java:40) ~[classes/:na]
	at org.example.controller.UserController.register(UserController.java:39) ~[classes/:na]
	at java.base/jdk.internal.reflect.DirectMethodHandleAccessor.invoke(DirectMethodHandleAccessor.java:103) ~[na:na]
	at java.base/java.lang.reflect.Method.invoke(Method.java:580) ~[na:na]
	at org.springframework.aop.support.AopUtils.invokeJoinpointUsingReflection(AopUtils.java:359) ~[spring-aop-6.2.3.jar:6.2.3]
	at org.springframework.aop.framework.ReflectiveMethodInvocation.invokeJoinpoint(ReflectiveMethodInvocation.java:196) ~[spring-aop-6.2.3.jar:6.2.3]
	at org.springframework.aop.framework.ReflectiveMethodInvocation.proceed(ReflectiveMethodInvocation.java:163) ~[spring-aop-6.2.3.jar:6.2.3]
	at org.springframework.validation.beanvalidation.MethodValidationInterceptor.invoke(MethodValidationInterceptor.java:174) ~[spring-context-6.2.3.jar:6.2.3]
	at org.springframework.aop.framework.ReflectiveMethodInvocation.proceed(ReflectiveMethodInvocation.java:184) ~[spring-aop-6.2.3.jar:6.2.3]
	at org.springframework.aop.framework.CglibAopProxy$DynamicAdvisedInterceptor.intercept(CglibAopProxy.java:727) ~[spring-aop-6.2.3.jar:6.2.3]
	at org.example.controller.UserController$$SpringCGLIB$$0.register(<generated>) ~[classes/:na]
	at java.base/jdk.internal.reflect.DirectMethodHandleAccessor.invoke(DirectMethodHandleAccessor.java:103) ~[na:na]
	at java.base/java.lang.reflect.Method.invoke(Method.java:580) ~[na:na]
	at org.springframework.web.method.support.InvocableHandlerMethod.doInvoke(InvocableHandlerMethod.java:257) ~[spring-web-6.2.3.jar:6.2.3]
	at org.springframework.web.method.support.InvocableHandlerMethod.invokeForRequest(InvocableHandlerMethod.java:190) ~[spring-web-6.2.3.jar:6.2.3]
	at org.springframework.web.servlet.mvc.method.annotation.ServletInvocableHandlerMethod.invokeAndHandle(ServletInvocableHandlerMethod.java:118) ~[spring-webmvc-6.2.3.jar:6.2.3]
	at org.springframework.web.servlet.mvc.method.annotation.RequestMappingHandlerAdapter.invokeHandlerMethod(RequestMappingHandlerAdapter.java:986) ~[spring-webmvc-6.2.3.jar:6.2.3]
	at org.springframework.web.servlet.mvc.method.annotation.RequestMappingHandlerAdapter.handleInternal(RequestMappingHandlerAdapter.java:891) ~[spring-webmvc-6.2.3.jar:6.2.3]
	at org.springframework.web.servlet.mvc.method.AbstractHandlerMethodAdapter.handle(AbstractHandlerMethodAdapter.java:87) ~[spring-webmvc-6.2.3.jar:6.2.3]
	at org.springframework.web.servlet.DispatcherServlet.doDispatch(DispatcherServlet.java:1088) ~[spring-webmvc-6.2.3.jar:6.2.3]
	at org.springframework.web.servlet.DispatcherServlet.doService(DispatcherServlet.java:978) ~[spring-webmvc-6.2.3.jar:6.2.3]
	at org.springframework.web.servlet.FrameworkServlet.processRequest(FrameworkServlet.java:1014) ~[spring-webmvc-6.2.3.jar:6.2.3]
	at org.springframework.web.servlet.FrameworkServlet.doPost(FrameworkServlet.java:914) ~[spring-webmvc-6.2.3.jar:6.2.3]
	at jakarta.servlet.http.HttpServlet.service(HttpServlet.java:590) ~[tomcat-embed-core-10.1.36.jar:6.0]
	at org.springframework.web.servlet.FrameworkServlet.service(FrameworkServlet.java:885) ~[spring-webmvc-6.2.3.jar:6.2.3]
	at jakarta.servlet.http.HttpServlet.service(HttpServlet.java:658) ~[tomcat-embed-core-10.1.36.jar:6.0]
	at org.apache.catalina.core.ApplicationFilterChain.internalDoFilter(ApplicationFilterChain.java:195) ~[tomcat-embed-core-10.1.36.jar:10.1.36]
	at org.apache.catalina.core.ApplicationFilterChain.doFilter(ApplicationFilterChain.java:140) ~[tomcat-embed-core-10.1.36.jar:10.1.36]
	at org.apache.tomcat.websocket.server.WsFilter.doFilter(WsFilter.java:51) ~[tomcat-embed-websocket-10.1.36.jar:10.1.36]
	at org.apache.catalina.core.ApplicationFilterChain.internalDoFilter(ApplicationFilterChain.java:164) ~[tomcat-embed-core-10.1.36.jar:10.1.36]
	at org.apache.catalina.core.ApplicationFilterChain.doFilter(ApplicationFilterChain.java:140) ~[tomcat-embed-core-10.1.36.jar:10.1.36]
	at org.springframework.web.filter.RequestContextFilter.doFilterInternal(RequestContextFilter.java:100) ~[spring-web-6.2.3.jar:6.2.3]
	at org.springframework.web.filter.OncePerRequestFilter.doFilter(OncePerRequestFilter.java:116) ~[spring-web-6.2.3.jar:6.2.3]
	at org.apache.catalina.core.ApplicationFilterChain.internalDoFilter(ApplicationFilterChain.java:164) ~[tomcat-embed-core-10.1.36.jar:10.1.36]
	at org.apache.catalina.core.ApplicationFilterChain.doFilter(ApplicationFilterChain.java:140) ~[tomcat-embed-core-10.1.36.jar:10.1.36]
	at org.springframework.web.filter.FormContentFilter.doFilterInternal(FormContentFilter.java:93) ~[spring-web-6.2.3.jar:6.2.3]
	at org.springframework.web.filter.OncePerRequestFilter.doFilter(OncePerRequestFilter.java:116) ~[spring-web-6.2.3.jar:6.2.3]
	at org.apache.catalina.core.ApplicationFilterChain.internalDoFilter(ApplicationFilterChain.java:164) ~[tomcat-embed-core-10.1.36.jar:10.1.36]
	at org.apache.catalina.core.ApplicationFilterChain.doFilter(ApplicationFilterChain.java:140) ~[tomcat-embed-core-10.1.36.jar:10.1.36]
	at org.springframework.web.filter.CharacterEncodingFilter.doFilterInternal(CharacterEncodingFilter.java:201) ~[spring-web-6.2.3.jar:6.2.3]
	at org.springframework.web.filter.OncePerRequestFilter.doFilter(OncePerRequestFilter.java:116) ~[spring-web-6.2.3.jar:6.2.3]
	at org.apache.catalina.core.ApplicationFilterChain.internalDoFilter(ApplicationFilterChain.java:164) ~[tomcat-embed-core-10.1.36.jar:10.1.36]
	at org.apache.catalina.core.ApplicationFilterChain.doFilter(ApplicationFilterChain.java:140) ~[tomcat-embed-core-10.1.36.jar:10.1.36]
	at org.apache.catalina.core.StandardWrapperValve.invoke(StandardWrapperValve.java:167) ~[tomcat-embed-core-10.1.36.jar:10.1.36]
	at org.apache.catalina.core.StandardContextValve.invoke(StandardContextValve.java:90) ~[tomcat-embed-core-10.1.36.jar:10.1.36]
	at org.apache.catalina.authenticator.AuthenticatorBase.invoke(AuthenticatorBase.java:483) ~[tomcat-embed-core-10.1.36.jar:10.1.36]
	at org.apache.catalina.core.StandardHostValve.invoke(StandardHostValve.java:115) ~[tomcat-embed-core-10.1.36.jar:10.1.36]
	at org.apache.catalina.valves.ErrorReportValve.invoke(ErrorReportValve.java:93) ~[tomcat-embed-core-10.1.36.jar:10.1.36]
	at org.apache.catalina.core.StandardEngineValve.invoke(StandardEngineValve.java:74) ~[tomcat-embed-core-10.1.36.jar:10.1.36]
	at org.apache.catalina.connector.CoyoteAdapter.service(CoyoteAdapter.java:344) ~[tomcat-embed-core-10.1.36.jar:10.1.36]
	at org.apache.coyote.http11.Http11Processor.service(Http11Processor.java:397) ~[tomcat-embed-core-10.1.36.jar:10.1.36]
	at org.apache.coyote.AbstractProcessorLight.process(AbstractProcessorLight.java:63) ~[tomcat-embed-core-10.1.36.jar:10.1.36]
	at org.apache.coyote.AbstractProtocol$ConnectionHandler.process(AbstractProtocol.java:905) ~[tomcat-embed-core-10.1.36.jar:10.1.36]
	at org.apache.tomcat.util.net.NioEndpoint$SocketProcessor.doRun(NioEndpoint.java:1743) ~[tomcat-embed-core-10.1.36.jar:10.1.36]
	at org.apache.tomcat.util.net.SocketProcessorBase.run(SocketProcessorBase.java:52) ~[tomcat-embed-core-10.1.36.jar:10.1.36]
	at org.apache.tomcat.util.threads.ThreadPoolExecutor.runWorker(ThreadPoolExecutor.java:1190) ~[tomcat-embed-core-10.1.36.jar:10.1.36]
	at org.apache.tomcat.util.threads.ThreadPoolExecutor$Worker.run(ThreadPoolExecutor.java:659) ~[tomcat-embed-core-10.1.36.jar:10.1.36]
	at org.apache.tomcat.util.threads.TaskThread$WrappingRunnable.run(TaskThread.java:63) ~[tomcat-embed-core-10.1.36.jar:10.1.36]
	at java.base/java.lang.Thread.run(Thread.java:1570) ~[na:na]

2025-03-24T17:49:57.913+08:00  INFO 19592 --- [mySpringbootProject] [File Watcher] rtingClassPathChangeChangedEventListener : Restarting due to 1 class path change (0 additions, 0 deletions, 1 modification)
2025-03-24T17:49:57.917+08:00  INFO 19592 --- [mySpringbootProject] [Thread-5] o.s.b.w.e.tomcat.GracefulShutdown        : Commencing graceful shutdown. Waiting for active requests to complete
2025-03-24T17:49:57.923+08:00  INFO 19592 --- [mySpringbootProject] [tomcat-shutdown] o.s.b.w.e.tomcat.GracefulShutdown        : Graceful shutdown complete
2025-03-24T17:49:57.942+08:00  INFO 19592 --- [mySpringbootProject] [Thread-5] com.zaxxer.hikari.HikariDataSource       : HikariPool-1 - Shutdown initiated...
2025-03-24T17:49:57.951+08:00  INFO 19592 --- [mySpringbootProject] [Thread-5] com.zaxxer.hikari.HikariDataSource       : HikariPool-1 - Shutdown completed.
2025-03-24T17:49:58.146+08:00  INFO 19592 --- [mySpringbootProject] [restartedMain] o.e.MySpringbootProjectApplication       : Starting MySpringbootProjectApplication using Java 22.0.2 with PID 19592 (C:\Users\马冲\Desktop\MySpringBoot\MySpringbootProject\target\classes started by 马冲 in C:\Users\马冲\Desktop\MySpringBoot\MySpringbootProject)
2025-03-24T17:49:58.147+08:00 DEBUG 19592 --- [mySpringbootProject] [restartedMain] o.e.MySpringbootProjectApplication       : Running with Spring Boot v3.4.3, Spring v6.2.3
2025-03-24T17:49:58.150+08:00  INFO 19592 --- [mySpringbootProject] [restartedMain] o.e.MySpringbootProjectApplication       : No active profile set, falling back to 1 default profile: "default"
2025-03-24T17:49:58.533+08:00  INFO 19592 --- [mySpringbootProject] [restartedMain] .s.d.r.c.RepositoryConfigurationDelegate : Multiple Spring Data modules found, entering strict repository configuration mode
2025-03-24T17:49:58.533+08:00  INFO 19592 --- [mySpringbootProject] [restartedMain] .s.d.r.c.RepositoryConfigurationDelegate : Bootstrapping Spring Data Redis repositories in DEFAULT mode.
2025-03-24T17:49:58.541+08:00  INFO 19592 --- [mySpringbootProject] [restartedMain] .s.d.r.c.RepositoryConfigurationDelegate : Finished Spring Data repository scanning in 6 ms. Found 0 Redis repository interfaces.
2025-03-24T17:49:58.748+08:00  INFO 19592 --- [mySpringbootProject] [restartedMain] o.s.b.w.embedded.tomcat.TomcatWebServer  : Tomcat initialized with port 8081 (http)
2025-03-24T17:49:58.757+08:00  INFO 19592 --- [mySpringbootProject] [restartedMain] o.apache.catalina.core.StandardService   : Starting service [Tomcat]
2025-03-24T17:49:58.758+08:00  INFO 19592 --- [mySpringbootProject] [restartedMain] o.apache.catalina.core.StandardEngine    : Starting Servlet engine: [Apache Tomcat/10.1.36]
2025-03-24T17:49:58.960+08:00  INFO 19592 --- [mySpringbootProject] [restartedMain] o.a.c.c.C.[Tomcat].[localhost].[/]       : Initializing Spring embedded WebApplicationContext
2025-03-24T17:49:58.962+08:00  INFO 19592 --- [mySpringbootProject] [restartedMain] w.s.c.ServletWebServerApplicationContext : Root WebApplicationContext: initialization completed in 798 ms
2025-03-24T17:49:59.603+08:00  INFO 19592 --- [mySpringbootProject] [restartedMain] o.s.b.d.a.OptionalLiveReloadServer       : LiveReload server is running on port 35729
2025-03-24T17:49:59.618+08:00  INFO 19592 --- [mySpringbootProject] [restartedMain] o.s.b.w.embedded.tomcat.TomcatWebServer  : Tomcat started on port 8081 (http) with context path '/'
2025-03-24T17:49:59.624+08:00  INFO 19592 --- [mySpringbootProject] [restartedMain] o.e.MySpringbootProjectApplication       : Started MySpringbootProjectApplication in 1.564 seconds (process running for 364.701)
2025-03-24T17:49:59.627+08:00  INFO 19592 --- [mySpringbootProject] [restartedMain] .ConditionEvaluationDeltaLoggingListener : Condition evaluation unchanged
2025-03-24T17:50:09.645+08:00  INFO 19592 --- [mySpringbootProject] [SpringApplicationShutdownHook] o.s.b.w.e.tomcat.GracefulShutdown        : Commencing graceful shutdown. Waiting for active requests to complete
2025-03-24T17:50:09.656+08:00  INFO 19592 --- [mySpringbootProject] [tomcat-shutdown] o.s.b.w.e.tomcat.GracefulShutdown        : Graceful shutdown complete
2025-03-24T17:50:18.042+08:00  INFO 30236 --- [mySpringbootProject] [restartedMain] o.e.MySpringbootProjectApplication       : Starting MySpringbootProjectApplication using Java 22.0.2 with PID 30236 (C:\Users\马冲\Desktop\MySpringBoot\MySpringbootProject\target\classes started by 马冲 in C:\Users\马冲\Desktop\MySpringBoot\MySpringbootProject)
2025-03-24T17:50:18.044+08:00 DEBUG 30236 --- [mySpringbootProject] [restartedMain] o.e.MySpringbootProjectApplication       : Running with Spring Boot v3.4.3, Spring v6.2.3
2025-03-24T17:50:18.045+08:00  INFO 30236 --- [mySpringbootProject] [restartedMain] o.e.MySpringbootProjectApplication       : No active profile set, falling back to 1 default profile: "default"
2025-03-24T17:50:18.109+08:00  INFO 30236 --- [mySpringbootProject] [restartedMain] .e.DevToolsPropertyDefaultsPostProcessor : Devtools property defaults active! Set 'spring.devtools.add-properties' to 'false' to disable
2025-03-24T17:50:18.109+08:00  INFO 30236 --- [mySpringbootProject] [restartedMain] .e.DevToolsPropertyDefaultsPostProcessor : For additional web related logging consider setting the 'logging.level.web' property to 'DEBUG'
2025-03-24T17:50:19.408+08:00  INFO 30236 --- [mySpringbootProject] [restartedMain] .s.d.r.c.RepositoryConfigurationDelegate : Multiple Spring Data modules found, entering strict repository configuration mode
2025-03-24T17:50:19.418+08:00  INFO 30236 --- [mySpringbootProject] [restartedMain] .s.d.r.c.RepositoryConfigurationDelegate : Bootstrapping Spring Data Redis repositories in DEFAULT mode.
2025-03-24T17:50:19.505+08:00  INFO 30236 --- [mySpringbootProject] [restartedMain] .s.d.r.c.RepositoryConfigurationDelegate : Finished Spring Data repository scanning in 26 ms. Found 0 Redis repository interfaces.
2025-03-24T17:50:20.757+08:00  INFO 30236 --- [mySpringbootProject] [restartedMain] o.s.b.w.embedded.tomcat.TomcatWebServer  : Tomcat initialized with port 8081 (http)
2025-03-24T17:50:20.776+08:00  INFO 30236 --- [mySpringbootProject] [restartedMain] o.apache.catalina.core.StandardService   : Starting service [Tomcat]
2025-03-24T17:50:20.776+08:00  INFO 30236 --- [mySpringbootProject] [restartedMain] o.apache.catalina.core.StandardEngine    : Starting Servlet engine: [Apache Tomcat/10.1.36]
2025-03-24T17:50:20.830+08:00  INFO 30236 --- [mySpringbootProject] [restartedMain] o.a.c.c.C.[Tomcat].[localhost].[/]       : Initializing Spring embedded WebApplicationContext
2025-03-24T17:50:20.830+08:00  INFO 30236 --- [mySpringbootProject] [restartedMain] w.s.c.ServletWebServerApplicationContext : Root WebApplicationContext: initialization completed in 2720 ms
2025-03-24T17:50:23.067+08:00  INFO 30236 --- [mySpringbootProject] [restartedMain] o.s.b.d.a.OptionalLiveReloadServer       : LiveReload server is running on port 35729
2025-03-24T17:50:23.108+08:00  INFO 30236 --- [mySpringbootProject] [restartedMain] o.s.b.w.embedded.tomcat.TomcatWebServer  : Tomcat started on port 8081 (http) with context path '/'
2025-03-24T17:50:23.119+08:00  INFO 30236 --- [mySpringbootProject] [restartedMain] o.e.MySpringbootProjectApplication       : Started MySpringbootProjectApplication in 5.807 seconds (process running for 6.774)
2025-03-24T17:50:25.993+08:00  INFO 30236 --- [mySpringbootProject] [http-nio-8081-exec-1] o.a.c.c.C.[Tomcat].[localhost].[/]       : Initializing Spring DispatcherServlet 'dispatcherServlet'
2025-03-24T17:50:25.994+08:00  INFO 30236 --- [mySpringbootProject] [http-nio-8081-exec-1] o.s.web.servlet.DispatcherServlet        : Initializing Servlet 'dispatcherServlet'
2025-03-24T17:50:25.996+08:00  INFO 30236 --- [mySpringbootProject] [http-nio-8081-exec-1] o.s.web.servlet.DispatcherServlet        : Completed initialization in 2 ms
2025-03-24T17:50:26.132+08:00  INFO 30236 --- [mySpringbootProject] [http-nio-8081-exec-1] com.zaxxer.hikari.HikariDataSource       : HikariPool-1 - Starting...
2025-03-24T17:50:26.569+08:00  INFO 30236 --- [mySpringbootProject] [http-nio-8081-exec-1] com.zaxxer.hikari.pool.HikariPool        : HikariPool-1 - Added connection com.mysql.cj.jdbc.ConnectionImpl@6a6858cd
2025-03-24T17:50:26.571+08:00  INFO 30236 --- [mySpringbootProject] [http-nio-8081-exec-1] com.zaxxer.hikari.HikariDataSource       : HikariPool-1 - Start completed.
2025-03-24T17:50:27.393+08:00 ERROR 30236 --- [mySpringbootProject] [http-nio-8081-exec-1] o.a.c.c.C.[.[.[/].[dispatcherServlet]    : Servlet.service() for servlet [dispatcherServlet] in context with path [] threw exception [Request processing failed: org.springframework.dao.DuplicateKeyException: 
### Error updating database.  Cause: java.sql.SQLIntegrityConstraintViolationException: Duplicate entry '1-3' for key 'user_role.PRIMARY'
### The error may exist in file [C:\Users\马冲\Desktop\MySpringBoot\MySpringbootProject\target\classes\mapper\UserRoleMapper.xml]
### The error may involve defaultParameterMap
### The error occurred while setting parameters
### SQL: insert into user_role(user_id,role_id) values (?,?)
### Cause: java.sql.SQLIntegrityConstraintViolationException: Duplicate entry '1-3' for key 'user_role.PRIMARY'
; Duplicate entry '1-3' for key 'user_role.PRIMARY'] with root cause

java.sql.SQLIntegrityConstraintViolationException: Duplicate entry '1-3' for key 'user_role.PRIMARY'
	at com.mysql.cj.jdbc.exceptions.SQLError.createSQLException(SQLError.java:109) ~[mysql-connector-j-9.1.0.jar:9.1.0]
	at com.mysql.cj.jdbc.exceptions.SQLExceptionsMapping.translateException(SQLExceptionsMapping.java:114) ~[mysql-connector-j-9.1.0.jar:9.1.0]
	at com.mysql.cj.jdbc.ClientPreparedStatement.executeInternal(ClientPreparedStatement.java:988) ~[mysql-connector-j-9.1.0.jar:9.1.0]
	at com.mysql.cj.jdbc.ClientPreparedStatement.execute(ClientPreparedStatement.java:382) ~[mysql-connector-j-9.1.0.jar:9.1.0]
	at com.zaxxer.hikari.pool.ProxyPreparedStatement.execute(ProxyPreparedStatement.java:44) ~[HikariCP-5.1.0.jar:na]
	at com.zaxxer.hikari.pool.HikariProxyPreparedStatement.execute(HikariProxyPreparedStatement.java) ~[HikariCP-5.1.0.jar:na]
	at java.base/jdk.internal.reflect.DirectMethodHandleAccessor.invoke(DirectMethodHandleAccessor.java:103) ~[na:na]
	at java.base/java.lang.reflect.Method.invoke(Method.java:580) ~[na:na]
	at org.apache.ibatis.logging.jdbc.PreparedStatementLogger.invoke(PreparedStatementLogger.java:58) ~[mybatis-3.5.17.jar:3.5.17]
	at jdk.proxy4/jdk.proxy4.$Proxy90.execute(Unknown Source) ~[na:na]
	at org.apache.ibatis.executor.statement.PreparedStatementHandler.update(PreparedStatementHandler.java:48) ~[mybatis-3.5.17.jar:3.5.17]
	at org.apache.ibatis.executor.statement.RoutingStatementHandler.update(RoutingStatementHandler.java:75) ~[mybatis-3.5.17.jar:3.5.17]
	at org.apache.ibatis.executor.SimpleExecutor.doUpdate(SimpleExecutor.java:50) ~[mybatis-3.5.17.jar:3.5.17]
	at org.apache.ibatis.executor.BaseExecutor.update(BaseExecutor.java:117) ~[mybatis-3.5.17.jar:3.5.17]
	at org.apache.ibatis.executor.CachingExecutor.update(CachingExecutor.java:76) ~[mybatis-3.5.17.jar:3.5.17]
	at org.apache.ibatis.session.defaults.DefaultSqlSession.update(DefaultSqlSession.java:197) ~[mybatis-3.5.17.jar:3.5.17]
	at org.apache.ibatis.session.defaults.DefaultSqlSession.insert(DefaultSqlSession.java:184) ~[mybatis-3.5.17.jar:3.5.17]
	at java.base/jdk.internal.reflect.DirectMethodHandleAccessor.invoke(DirectMethodHandleAccessor.java:103) ~[na:na]
	at java.base/java.lang.reflect.Method.invoke(Method.java:580) ~[na:na]
	at org.mybatis.spring.SqlSessionTemplate$SqlSessionInterceptor.invoke(SqlSessionTemplate.java:333) ~[mybatis-spring-3.0.4.jar:3.0.4]
	at jdk.proxy2/jdk.proxy2.$Proxy74.insert(Unknown Source) ~[na:na]
	at org.mybatis.spring.SqlSessionTemplate.insert(SqlSessionTemplate.java:224) ~[mybatis-spring-3.0.4.jar:3.0.4]
	at org.apache.ibatis.binding.MapperMethod.execute(MapperMethod.java:62) ~[mybatis-3.5.17.jar:3.5.17]
	at org.apache.ibatis.binding.MapperProxy$PlainMethodInvoker.invoke(MapperProxy.java:141) ~[mybatis-3.5.17.jar:3.5.17]
	at org.apache.ibatis.binding.MapperProxy.invoke(MapperProxy.java:86) ~[mybatis-3.5.17.jar:3.5.17]
	at jdk.proxy3/jdk.proxy3.$Proxy77.addUserRole(Unknown Source) ~[na:na]
	at org.example.service.impl.UserServiceImpl.register(UserServiceImpl.java:40) ~[classes/:na]
	at org.example.controller.UserController.register(UserController.java:39) ~[classes/:na]
	at java.base/jdk.internal.reflect.DirectMethodHandleAccessor.invoke(DirectMethodHandleAccessor.java:103) ~[na:na]
	at java.base/java.lang.reflect.Method.invoke(Method.java:580) ~[na:na]
	at org.springframework.aop.support.AopUtils.invokeJoinpointUsingReflection(AopUtils.java:359) ~[spring-aop-6.2.3.jar:6.2.3]
	at org.springframework.aop.framework.ReflectiveMethodInvocation.invokeJoinpoint(ReflectiveMethodInvocation.java:196) ~[spring-aop-6.2.3.jar:6.2.3]
	at org.springframework.aop.framework.ReflectiveMethodInvocation.proceed(ReflectiveMethodInvocation.java:163) ~[spring-aop-6.2.3.jar:6.2.3]
	at org.springframework.validation.beanvalidation.MethodValidationInterceptor.invoke(MethodValidationInterceptor.java:174) ~[spring-context-6.2.3.jar:6.2.3]
	at org.springframework.aop.framework.ReflectiveMethodInvocation.proceed(ReflectiveMethodInvocation.java:184) ~[spring-aop-6.2.3.jar:6.2.3]
	at org.springframework.aop.framework.CglibAopProxy$DynamicAdvisedInterceptor.intercept(CglibAopProxy.java:727) ~[spring-aop-6.2.3.jar:6.2.3]
	at org.example.controller.UserController$$SpringCGLIB$$0.register(<generated>) ~[classes/:na]
	at java.base/jdk.internal.reflect.DirectMethodHandleAccessor.invoke(DirectMethodHandleAccessor.java:103) ~[na:na]
	at java.base/java.lang.reflect.Method.invoke(Method.java:580) ~[na:na]
	at org.springframework.web.method.support.InvocableHandlerMethod.doInvoke(InvocableHandlerMethod.java:257) ~[spring-web-6.2.3.jar:6.2.3]
	at org.springframework.web.method.support.InvocableHandlerMethod.invokeForRequest(InvocableHandlerMethod.java:190) ~[spring-web-6.2.3.jar:6.2.3]
	at org.springframework.web.servlet.mvc.method.annotation.ServletInvocableHandlerMethod.invokeAndHandle(ServletInvocableHandlerMethod.java:118) ~[spring-webmvc-6.2.3.jar:6.2.3]
	at org.springframework.web.servlet.mvc.method.annotation.RequestMappingHandlerAdapter.invokeHandlerMethod(RequestMappingHandlerAdapter.java:986) ~[spring-webmvc-6.2.3.jar:6.2.3]
	at org.springframework.web.servlet.mvc.method.annotation.RequestMappingHandlerAdapter.handleInternal(RequestMappingHandlerAdapter.java:891) ~[spring-webmvc-6.2.3.jar:6.2.3]
	at org.springframework.web.servlet.mvc.method.AbstractHandlerMethodAdapter.handle(AbstractHandlerMethodAdapter.java:87) ~[spring-webmvc-6.2.3.jar:6.2.3]
	at org.springframework.web.servlet.DispatcherServlet.doDispatch(DispatcherServlet.java:1088) ~[spring-webmvc-6.2.3.jar:6.2.3]
	at org.springframework.web.servlet.DispatcherServlet.doService(DispatcherServlet.java:978) ~[spring-webmvc-6.2.3.jar:6.2.3]
	at org.springframework.web.servlet.FrameworkServlet.processRequest(FrameworkServlet.java:1014) ~[spring-webmvc-6.2.3.jar:6.2.3]
	at org.springframework.web.servlet.FrameworkServlet.doPost(FrameworkServlet.java:914) ~[spring-webmvc-6.2.3.jar:6.2.3]
	at jakarta.servlet.http.HttpServlet.service(HttpServlet.java:590) ~[tomcat-embed-core-10.1.36.jar:6.0]
	at org.springframework.web.servlet.FrameworkServlet.service(FrameworkServlet.java:885) ~[spring-webmvc-6.2.3.jar:6.2.3]
	at jakarta.servlet.http.HttpServlet.service(HttpServlet.java:658) ~[tomcat-embed-core-10.1.36.jar:6.0]
	at org.apache.catalina.core.ApplicationFilterChain.internalDoFilter(ApplicationFilterChain.java:195) ~[tomcat-embed-core-10.1.36.jar:10.1.36]
	at org.apache.catalina.core.ApplicationFilterChain.doFilter(ApplicationFilterChain.java:140) ~[tomcat-embed-core-10.1.36.jar:10.1.36]
	at org.apache.tomcat.websocket.server.WsFilter.doFilter(WsFilter.java:51) ~[tomcat-embed-websocket-10.1.36.jar:10.1.36]
	at org.apache.catalina.core.ApplicationFilterChain.internalDoFilter(ApplicationFilterChain.java:164) ~[tomcat-embed-core-10.1.36.jar:10.1.36]
	at org.apache.catalina.core.ApplicationFilterChain.doFilter(ApplicationFilterChain.java:140) ~[tomcat-embed-core-10.1.36.jar:10.1.36]
	at org.springframework.web.filter.RequestContextFilter.doFilterInternal(RequestContextFilter.java:100) ~[spring-web-6.2.3.jar:6.2.3]
	at org.springframework.web.filter.OncePerRequestFilter.doFilter(OncePerRequestFilter.java:116) ~[spring-web-6.2.3.jar:6.2.3]
	at org.apache.catalina.core.ApplicationFilterChain.internalDoFilter(ApplicationFilterChain.java:164) ~[tomcat-embed-core-10.1.36.jar:10.1.36]
	at org.apache.catalina.core.ApplicationFilterChain.doFilter(ApplicationFilterChain.java:140) ~[tomcat-embed-core-10.1.36.jar:10.1.36]
	at org.springframework.web.filter.FormContentFilter.doFilterInternal(FormContentFilter.java:93) ~[spring-web-6.2.3.jar:6.2.3]
	at org.springframework.web.filter.OncePerRequestFilter.doFilter(OncePerRequestFilter.java:116) ~[spring-web-6.2.3.jar:6.2.3]
	at org.apache.catalina.core.ApplicationFilterChain.internalDoFilter(ApplicationFilterChain.java:164) ~[tomcat-embed-core-10.1.36.jar:10.1.36]
	at org.apache.catalina.core.ApplicationFilterChain.doFilter(ApplicationFilterChain.java:140) ~[tomcat-embed-core-10.1.36.jar:10.1.36]
	at org.springframework.web.filter.CharacterEncodingFilter.doFilterInternal(CharacterEncodingFilter.java:201) ~[spring-web-6.2.3.jar:6.2.3]
	at org.springframework.web.filter.OncePerRequestFilter.doFilter(OncePerRequestFilter.java:116) ~[spring-web-6.2.3.jar:6.2.3]
	at org.apache.catalina.core.ApplicationFilterChain.internalDoFilter(ApplicationFilterChain.java:164) ~[tomcat-embed-core-10.1.36.jar:10.1.36]
	at org.apache.catalina.core.ApplicationFilterChain.doFilter(ApplicationFilterChain.java:140) ~[tomcat-embed-core-10.1.36.jar:10.1.36]
	at org.apache.catalina.core.StandardWrapperValve.invoke(StandardWrapperValve.java:167) ~[tomcat-embed-core-10.1.36.jar:10.1.36]
	at org.apache.catalina.core.StandardContextValve.invoke(StandardContextValve.java:90) ~[tomcat-embed-core-10.1.36.jar:10.1.36]
	at org.apache.catalina.authenticator.AuthenticatorBase.invoke(AuthenticatorBase.java:483) ~[tomcat-embed-core-10.1.36.jar:10.1.36]
	at org.apache.catalina.core.StandardHostValve.invoke(StandardHostValve.java:115) ~[tomcat-embed-core-10.1.36.jar:10.1.36]
	at org.apache.catalina.valves.ErrorReportValve.invoke(ErrorReportValve.java:93) ~[tomcat-embed-core-10.1.36.jar:10.1.36]
	at org.apache.catalina.core.StandardEngineValve.invoke(StandardEngineValve.java:74) ~[tomcat-embed-core-10.1.36.jar:10.1.36]
	at org.apache.catalina.connector.CoyoteAdapter.service(CoyoteAdapter.java:344) ~[tomcat-embed-core-10.1.36.jar:10.1.36]
	at org.apache.coyote.http11.Http11Processor.service(Http11Processor.java:397) ~[tomcat-embed-core-10.1.36.jar:10.1.36]
	at org.apache.coyote.AbstractProcessorLight.process(AbstractProcessorLight.java:63) ~[tomcat-embed-core-10.1.36.jar:10.1.36]
	at org.apache.coyote.AbstractProtocol$ConnectionHandler.process(AbstractProtocol.java:905) ~[tomcat-embed-core-10.1.36.jar:10.1.36]
	at org.apache.tomcat.util.net.NioEndpoint$SocketProcessor.doRun(NioEndpoint.java:1743) ~[tomcat-embed-core-10.1.36.jar:10.1.36]
	at org.apache.tomcat.util.net.SocketProcessorBase.run(SocketProcessorBase.java:52) ~[tomcat-embed-core-10.1.36.jar:10.1.36]
	at org.apache.tomcat.util.threads.ThreadPoolExecutor.runWorker(ThreadPoolExecutor.java:1190) ~[tomcat-embed-core-10.1.36.jar:10.1.36]
	at org.apache.tomcat.util.threads.ThreadPoolExecutor$Worker.run(ThreadPoolExecutor.java:659) ~[tomcat-embed-core-10.1.36.jar:10.1.36]
	at org.apache.tomcat.util.threads.TaskThread$WrappingRunnable.run(TaskThread.java:63) ~[tomcat-embed-core-10.1.36.jar:10.1.36]
	at java.base/java.lang.Thread.run(Thread.java:1570) ~[na:na]

2025-03-24T20:38:55.890+08:00  INFO 30236 --- [mySpringbootProject] [File Watcher] rtingClassPathChangeChangedEventListener : Restarting due to 1 class path change (0 additions, 1 deletion, 0 modifications)
2025-03-24T20:38:55.933+08:00  INFO 30236 --- [mySpringbootProject] [Thread-5] o.s.b.w.e.tomcat.GracefulShutdown        : Commencing graceful shutdown. Waiting for active requests to complete
2025-03-24T20:38:55.946+08:00  INFO 30236 --- [mySpringbootProject] [tomcat-shutdown] o.s.b.w.e.tomcat.GracefulShutdown        : Graceful shutdown complete
2025-03-24T20:38:56.023+08:00  INFO 30236 --- [mySpringbootProject] [Thread-5] com.zaxxer.hikari.HikariDataSource       : HikariPool-1 - Shutdown initiated...
2025-03-24T20:38:56.038+08:00  INFO 30236 --- [mySpringbootProject] [Thread-5] com.zaxxer.hikari.HikariDataSource       : HikariPool-1 - Shutdown completed.
2025-03-24T20:38:56.389+08:00  INFO 30236 --- [mySpringbootProject] [restartedMain] o.e.MySpringbootProjectApplication       : Starting MySpringbootProjectApplication using Java 22.0.2 with PID 30236 (C:\Users\马冲\Desktop\MySpringBoot\MySpringbootProject\target\classes started by 马冲 in C:\Users\马冲\Desktop\MySpringBoot\MySpringbootProject)
2025-03-24T20:38:56.389+08:00 DEBUG 30236 --- [mySpringbootProject] [restartedMain] o.e.MySpringbootProjectApplication       : Running with Spring Boot v3.4.3, Spring v6.2.3
2025-03-24T20:38:56.390+08:00  INFO 30236 --- [mySpringbootProject] [restartedMain] o.e.MySpringbootProjectApplication       : No active profile set, falling back to 1 default profile: "default"
2025-03-24T20:38:56.700+08:00  INFO 30236 --- [mySpringbootProject] [restartedMain] .s.d.r.c.RepositoryConfigurationDelegate : Multiple Spring Data modules found, entering strict repository configuration mode
2025-03-24T20:38:56.700+08:00  INFO 30236 --- [mySpringbootProject] [restartedMain] .s.d.r.c.RepositoryConfigurationDelegate : Bootstrapping Spring Data Redis repositories in DEFAULT mode.
2025-03-24T20:38:56.708+08:00  INFO 30236 --- [mySpringbootProject] [restartedMain] .s.d.r.c.RepositoryConfigurationDelegate : Finished Spring Data repository scanning in 6 ms. Found 0 Redis repository interfaces.
2025-03-24T20:38:56.856+08:00  INFO 30236 --- [mySpringbootProject] [restartedMain] o.s.b.w.embedded.tomcat.TomcatWebServer  : Tomcat initialized with port 8081 (http)
2025-03-24T20:38:56.858+08:00  INFO 30236 --- [mySpringbootProject] [restartedMain] o.apache.catalina.core.StandardService   : Starting service [Tomcat]
2025-03-24T20:38:56.858+08:00  INFO 30236 --- [mySpringbootProject] [restartedMain] o.apache.catalina.core.StandardEngine    : Starting Servlet engine: [Apache Tomcat/10.1.36]
2025-03-24T20:38:56.884+08:00  INFO 30236 --- [mySpringbootProject] [restartedMain] o.a.c.c.C.[Tomcat].[localhost].[/]       : Initializing Spring embedded WebApplicationContext
2025-03-24T20:38:56.885+08:00  INFO 30236 --- [mySpringbootProject] [restartedMain] w.s.c.ServletWebServerApplicationContext : Root WebApplicationContext: initialization completed in 487 ms
2025-03-24T20:38:56.903+08:00  WARN 30236 --- [mySpringbootProject] [restartedMain] ConfigServletWebServerApplicationContext : Exception encountered during context initialization - cancelling refresh attempt: org.springframework.beans.factory.UnsatisfiedDependencyException: Error creating bean with name 'userController': Unsatisfied dependency expressed through field 'userService': Error creating bean with name 'userServiceImpl' defined in file [C:\Users\马冲\Desktop\MySpringBoot\MySpringbootProject\target\classes\org\example\service\impl\UserServiceImpl.class]: Post-processing of merged bean definition failed
2025-03-24T20:38:56.904+08:00  INFO 30236 --- [mySpringbootProject] [restartedMain] o.apache.catalina.core.StandardService   : Stopping service [Tomcat]
2025-03-24T20:38:56.910+08:00  INFO 30236 --- [mySpringbootProject] [restartedMain] .s.b.a.l.ConditionEvaluationReportLogger : 

Error starting ApplicationContext. To display the condition evaluation report re-run your application with 'debug' enabled.
2025-03-24T20:38:56.942+08:00 ERROR 30236 --- [mySpringbootProject] [restartedMain] o.s.boot.SpringApplication               : Application run failed

org.springframework.beans.factory.UnsatisfiedDependencyException: Error creating bean with name 'userController': Unsatisfied dependency expressed through field 'userService': Error creating bean with name 'userServiceImpl' defined in file [C:\Users\马冲\Desktop\MySpringBoot\MySpringbootProject\target\classes\org\example\service\impl\UserServiceImpl.class]: Post-processing of merged bean definition failed
	at org.springframework.beans.factory.annotation.AutowiredAnnotationBeanPostProcessor$AutowiredFieldElement.resolveFieldValue(AutowiredAnnotationBeanPostProcessor.java:788) ~[spring-beans-6.2.3.jar:6.2.3]
	at org.springframework.beans.factory.annotation.AutowiredAnnotationBeanPostProcessor$AutowiredFieldElement.inject(AutowiredAnnotationBeanPostProcessor.java:768) ~[spring-beans-6.2.3.jar:6.2.3]
	at org.springframework.beans.factory.annotation.InjectionMetadata.inject(InjectionMetadata.java:146) ~[spring-beans-6.2.3.jar:6.2.3]
	at org.springframework.beans.factory.annotation.AutowiredAnnotationBeanPostProcessor.postProcessProperties(AutowiredAnnotationBeanPostProcessor.java:509) ~[spring-beans-6.2.3.jar:6.2.3]
	at org.springframework.beans.factory.support.AbstractAutowireCapableBeanFactory.populateBean(AbstractAutowireCapableBeanFactory.java:1445) ~[spring-beans-6.2.3.jar:6.2.3]
	at org.springframework.beans.factory.support.AbstractAutowireCapableBeanFactory.doCreateBean(AbstractAutowireCapableBeanFactory.java:600) ~[spring-beans-6.2.3.jar:6.2.3]
	at org.springframework.beans.factory.support.AbstractAutowireCapableBeanFactory.createBean(AbstractAutowireCapableBeanFactory.java:523) ~[spring-beans-6.2.3.jar:6.2.3]
	at org.springframework.beans.factory.support.AbstractBeanFactory.lambda$doGetBean$0(AbstractBeanFactory.java:339) ~[spring-beans-6.2.3.jar:6.2.3]
	at org.springframework.beans.factory.support.DefaultSingletonBeanRegistry.getSingleton(DefaultSingletonBeanRegistry.java:346) ~[spring-beans-6.2.3.jar:6.2.3]
	at org.springframework.beans.factory.support.AbstractBeanFactory.doGetBean(AbstractBeanFactory.java:337) ~[spring-beans-6.2.3.jar:6.2.3]
	at org.springframework.beans.factory.support.AbstractBeanFactory.getBean(AbstractBeanFactory.java:202) ~[spring-beans-6.2.3.jar:6.2.3]
	at org.springframework.beans.factory.support.DefaultListableBeanFactory.instantiateSingleton(DefaultListableBeanFactory.java:1155) ~[spring-beans-6.2.3.jar:6.2.3]
	at org.springframework.beans.factory.support.DefaultListableBeanFactory.preInstantiateSingleton(DefaultListableBeanFactory.java:1121) ~[spring-beans-6.2.3.jar:6.2.3]
	at org.springframework.beans.factory.support.DefaultListableBeanFactory.preInstantiateSingletons(DefaultListableBeanFactory.java:1056) ~[spring-beans-6.2.3.jar:6.2.3]
	at org.springframework.context.support.AbstractApplicationContext.finishBeanFactoryInitialization(AbstractApplicationContext.java:987) ~[spring-context-6.2.3.jar:6.2.3]
	at org.springframework.context.support.AbstractApplicationContext.refresh(AbstractApplicationContext.java:627) ~[spring-context-6.2.3.jar:6.2.3]
	at org.springframework.boot.web.servlet.context.ServletWebServerApplicationContext.refresh(ServletWebServerApplicationContext.java:146) ~[spring-boot-3.4.3.jar:3.4.3]
	at org.springframework.boot.SpringApplication.refresh(SpringApplication.java:752) ~[spring-boot-3.4.3.jar:3.4.3]
	at org.springframework.boot.SpringApplication.refreshContext(SpringApplication.java:439) ~[spring-boot-3.4.3.jar:3.4.3]
	at org.springframework.boot.SpringApplication.run(SpringApplication.java:318) ~[spring-boot-3.4.3.jar:3.4.3]
	at org.springframework.boot.SpringApplication.run(SpringApplication.java:1361) ~[spring-boot-3.4.3.jar:3.4.3]
	at org.springframework.boot.SpringApplication.run(SpringApplication.java:1350) ~[spring-boot-3.4.3.jar:3.4.3]
	at org.example.MySpringbootProjectApplication.main(MySpringbootProjectApplication.java:12) ~[classes/:na]
	at java.base/jdk.internal.reflect.DirectMethodHandleAccessor.invoke(DirectMethodHandleAccessor.java:103) ~[na:na]
	at java.base/java.lang.reflect.Method.invoke(Method.java:580) ~[na:na]
	at org.springframework.boot.devtools.restart.RestartLauncher.run(RestartLauncher.java:50) ~[spring-boot-devtools-3.4.3.jar:3.4.3]
Caused by: org.springframework.beans.factory.BeanCreationException: Error creating bean with name 'userServiceImpl' defined in file [C:\Users\马冲\Desktop\MySpringBoot\MySpringbootProject\target\classes\org\example\service\impl\UserServiceImpl.class]: Post-processing of merged bean definition failed
	at org.springframework.beans.factory.support.AbstractAutowireCapableBeanFactory.doCreateBean(AbstractAutowireCapableBeanFactory.java:578) ~[spring-beans-6.2.3.jar:6.2.3]
	at org.springframework.beans.factory.support.AbstractAutowireCapableBeanFactory.createBean(AbstractAutowireCapableBeanFactory.java:523) ~[spring-beans-6.2.3.jar:6.2.3]
	at org.springframework.beans.factory.support.AbstractBeanFactory.lambda$doGetBean$0(AbstractBeanFactory.java:339) ~[spring-beans-6.2.3.jar:6.2.3]
	at org.springframework.beans.factory.support.DefaultSingletonBeanRegistry.getSingleton(DefaultSingletonBeanRegistry.java:346) ~[spring-beans-6.2.3.jar:6.2.3]
	at org.springframework.beans.factory.support.AbstractBeanFactory.doGetBean(AbstractBeanFactory.java:337) ~[spring-beans-6.2.3.jar:6.2.3]
	at org.springframework.beans.factory.support.AbstractBeanFactory.getBean(AbstractBeanFactory.java:202) ~[spring-beans-6.2.3.jar:6.2.3]
	at org.springframework.beans.factory.config.DependencyDescriptor.resolveCandidate(DependencyDescriptor.java:254) ~[spring-beans-6.2.3.jar:6.2.3]
	at org.springframework.beans.factory.support.DefaultListableBeanFactory.doResolveDependency(DefaultListableBeanFactory.java:1664) ~[spring-beans-6.2.3.jar:6.2.3]
	at org.springframework.beans.factory.support.DefaultListableBeanFactory.resolveDependency(DefaultListableBeanFactory.java:1552) ~[spring-beans-6.2.3.jar:6.2.3]
	at org.springframework.beans.factory.annotation.AutowiredAnnotationBeanPostProcessor$AutowiredFieldElement.resolveFieldValue(AutowiredAnnotationBeanPostProcessor.java:785) ~[spring-beans-6.2.3.jar:6.2.3]
	... 25 common frames omitted
Caused by: java.lang.IllegalStateException: Failed to introspect Class [org.example.service.impl.UserServiceImpl] from ClassLoader [org.springframework.boot.devtools.restart.classloader.RestartClassLoader@777bd978]
	at org.springframework.util.ReflectionUtils.getDeclaredFields(ReflectionUtils.java:756) ~[spring-core-6.2.3.jar:6.2.3]
	at org.springframework.util.ReflectionUtils.doWithLocalFields(ReflectionUtils.java:689) ~[spring-core-6.2.3.jar:6.2.3]
	at org.springframework.context.annotation.CommonAnnotationBeanPostProcessor.buildResourceMetadata(CommonAnnotationBeanPostProcessor.java:432) ~[spring-context-6.2.3.jar:6.2.3]
	at org.springframework.context.annotation.CommonAnnotationBeanPostProcessor.findResourceMetadata(CommonAnnotationBeanPostProcessor.java:413) ~[spring-context-6.2.3.jar:6.2.3]
	at org.springframework.context.annotation.CommonAnnotationBeanPostProcessor.postProcessMergedBeanDefinition(CommonAnnotationBeanPostProcessor.java:313) ~[spring-context-6.2.3.jar:6.2.3]
	at org.springframework.beans.factory.support.AbstractAutowireCapableBeanFactory.applyMergedBeanDefinitionPostProcessors(AbstractAutowireCapableBeanFactory.java:1109) ~[spring-beans-6.2.3.jar:6.2.3]
	at org.springframework.beans.factory.support.AbstractAutowireCapableBeanFactory.doCreateBean(AbstractAutowireCapableBeanFactory.java:575) ~[spring-beans-6.2.3.jar:6.2.3]
	... 34 common frames omitted
Caused by: java.lang.NoClassDefFoundError: org/example/mapper/UserMapper
	at java.base/java.lang.Class.getDeclaredFields0(Native Method) ~[na:na]
	at java.base/java.lang.Class.privateGetDeclaredFields(Class.java:3496) ~[na:na]
	at java.base/java.lang.Class.getDeclaredFields(Class.java:2552) ~[na:na]
	at org.springframework.util.ReflectionUtils.getDeclaredFields(ReflectionUtils.java:751) ~[spring-core-6.2.3.jar:6.2.3]
	... 40 common frames omitted
Caused by: java.lang.ClassNotFoundException: org.example.mapper.UserMapper
	at java.base/jdk.internal.loader.BuiltinClassLoader.loadClass(BuiltinClassLoader.java:641) ~[na:na]
	at java.base/jdk.internal.loader.ClassLoaders$AppClassLoader.loadClass(ClassLoaders.java:188) ~[na:na]
	at java.base/java.lang.ClassLoader.loadClass(ClassLoader.java:525) ~[na:na]
	at java.base/java.lang.Class.forName0(Native Method) ~[na:na]
	at java.base/java.lang.Class.forName(Class.java:529) ~[na:na]
	at java.base/java.lang.Class.forName(Class.java:508) ~[na:na]
	at org.springframework.boot.devtools.restart.classloader.RestartClassLoader.loadClass(RestartClassLoader.java:121) ~[spring-boot-devtools-3.4.3.jar:3.4.3]
	at java.base/java.lang.ClassLoader.loadClass(ClassLoader.java:525) ~[na:na]
	... 44 common frames omitted

2025-03-24T20:38:59.446+08:00  INFO 30236 --- [mySpringbootProject] [restartedMain] o.e.MySpringbootProjectApplication       : Starting MySpringbootProjectApplication using Java 22.0.2 with PID 30236 (C:\Users\马冲\Desktop\MySpringBoot\MySpringbootProject\target\classes started by 马冲 in C:\Users\马冲\Desktop\MySpringBoot\MySpringbootProject)
2025-03-24T20:38:59.447+08:00 DEBUG 30236 --- [mySpringbootProject] [restartedMain] o.e.MySpringbootProjectApplication       : Running with Spring Boot v3.4.3, Spring v6.2.3
2025-03-24T20:38:59.447+08:00  INFO 30236 --- [mySpringbootProject] [restartedMain] o.e.MySpringbootProjectApplication       : No active profile set, falling back to 1 default profile: "default"
2025-03-24T20:38:59.871+08:00  INFO 30236 --- [mySpringbootProject] [restartedMain] .s.d.r.c.RepositoryConfigurationDelegate : Multiple Spring Data modules found, entering strict repository configuration mode
2025-03-24T20:38:59.871+08:00  INFO 30236 --- [mySpringbootProject] [restartedMain] .s.d.r.c.RepositoryConfigurationDelegate : Bootstrapping Spring Data Redis repositories in DEFAULT mode.
2025-03-24T20:38:59.879+08:00  INFO 30236 --- [mySpringbootProject] [restartedMain] .s.d.r.c.RepositoryConfigurationDelegate : Finished Spring Data repository scanning in 7 ms. Found 0 Redis repository interfaces.
2025-03-24T20:39:00.046+08:00  INFO 30236 --- [mySpringbootProject] [restartedMain] o.s.b.w.embedded.tomcat.TomcatWebServer  : Tomcat initialized with port 8081 (http)
2025-03-24T20:39:00.048+08:00  INFO 30236 --- [mySpringbootProject] [restartedMain] o.apache.catalina.core.StandardService   : Starting service [Tomcat]
2025-03-24T20:39:00.050+08:00  INFO 30236 --- [mySpringbootProject] [restartedMain] o.apache.catalina.core.StandardEngine    : Starting Servlet engine: [Apache Tomcat/10.1.36]
2025-03-24T20:39:00.106+08:00  INFO 30236 --- [mySpringbootProject] [restartedMain] o.a.c.c.C.[Tomcat-1].[localhost].[/]     : Initializing Spring embedded WebApplicationContext
2025-03-24T20:39:00.106+08:00  INFO 30236 --- [mySpringbootProject] [restartedMain] w.s.c.ServletWebServerApplicationContext : Root WebApplicationContext: initialization completed in 656 ms
2025-03-24T20:39:00.123+08:00  WARN 30236 --- [mySpringbootProject] [restartedMain] ConfigServletWebServerApplicationContext : Exception encountered during context initialization - cancelling refresh attempt: org.springframework.beans.factory.UnsatisfiedDependencyException: Error creating bean with name 'userController': Unsatisfied dependency expressed through field 'userService': No qualifying bean of type 'org.example.service.UserService' available: expected at least 1 bean which qualifies as autowire candidate. Dependency annotations: {@org.springframework.beans.factory.annotation.Autowired(required=true)}
2025-03-24T20:39:00.124+08:00  INFO 30236 --- [mySpringbootProject] [restartedMain] o.apache.catalina.core.StandardService   : Stopping service [Tomcat]
2025-03-24T20:39:00.130+08:00  INFO 30236 --- [mySpringbootProject] [restartedMain] .s.b.a.l.ConditionEvaluationReportLogger : 

Error starting ApplicationContext. To display the condition evaluation report re-run your application with 'debug' enabled.
2025-03-24T20:39:00.152+08:00 ERROR 30236 --- [mySpringbootProject] [restartedMain] o.s.b.d.LoggingFailureAnalysisReporter   : 

***************************
APPLICATION FAILED TO START
***************************

Description:

Field userService in org.example.controller.UserController required a bean of type 'org.example.service.UserService' that could not be found.

The injection point has the following annotations:
	- @org.springframework.beans.factory.annotation.Autowired(required=true)


Action:

Consider defining a bean of type 'org.example.service.UserService' in your configuration.

2025-03-24T20:41:51.052+08:00  INFO 30516 --- [mySpringbootProject] [restartedMain] o.e.MySpringbootProjectApplication       : Starting MySpringbootProjectApplication using Java 22.0.2 with PID 30516 (C:\Users\马冲\Desktop\MySpringBoot\MySpringbootProject\target\classes started by 马冲 in C:\Users\马冲\Desktop\MySpringBoot\MySpringbootProject)
2025-03-24T20:41:51.057+08:00 DEBUG 30516 --- [mySpringbootProject] [restartedMain] o.e.MySpringbootProjectApplication       : Running with Spring Boot v3.4.3, Spring v6.2.3
2025-03-24T20:41:51.059+08:00  INFO 30516 --- [mySpringbootProject] [restartedMain] o.e.MySpringbootProjectApplication       : No active profile set, falling back to 1 default profile: "default"
2025-03-24T20:41:51.220+08:00  INFO 30516 --- [mySpringbootProject] [restartedMain] .e.DevToolsPropertyDefaultsPostProcessor : Devtools property defaults active! Set 'spring.devtools.add-properties' to 'false' to disable
2025-03-24T20:41:51.220+08:00  INFO 30516 --- [mySpringbootProject] [restartedMain] .e.DevToolsPropertyDefaultsPostProcessor : For additional web related logging consider setting the 'logging.level.web' property to 'DEBUG'
2025-03-24T20:41:52.700+08:00  INFO 30516 --- [mySpringbootProject] [restartedMain] .s.d.r.c.RepositoryConfigurationDelegate : Multiple Spring Data modules found, entering strict repository configuration mode
2025-03-24T20:41:52.705+08:00  INFO 30516 --- [mySpringbootProject] [restartedMain] .s.d.r.c.RepositoryConfigurationDelegate : Bootstrapping Spring Data Redis repositories in DEFAULT mode.
2025-03-24T20:41:52.773+08:00  INFO 30516 --- [mySpringbootProject] [restartedMain] .s.d.r.c.RepositoryConfigurationDelegate : Finished Spring Data repository scanning in 22 ms. Found 0 Redis repository interfaces.
2025-03-24T20:41:53.711+08:00  INFO 30516 --- [mySpringbootProject] [restartedMain] o.s.b.w.embedded.tomcat.TomcatWebServer  : Tomcat initialized with port 8081 (http)
2025-03-24T20:41:53.730+08:00  INFO 30516 --- [mySpringbootProject] [restartedMain] o.apache.catalina.core.StandardService   : Starting service [Tomcat]
2025-03-24T20:41:53.730+08:00  INFO 30516 --- [mySpringbootProject] [restartedMain] o.apache.catalina.core.StandardEngine    : Starting Servlet engine: [Apache Tomcat/10.1.36]
2025-03-24T20:41:53.788+08:00  INFO 30516 --- [mySpringbootProject] [restartedMain] o.a.c.c.C.[Tomcat].[localhost].[/]       : Initializing Spring embedded WebApplicationContext
2025-03-24T20:41:53.789+08:00  INFO 30516 --- [mySpringbootProject] [restartedMain] w.s.c.ServletWebServerApplicationContext : Root WebApplicationContext: initialization completed in 2568 ms
2025-03-24T20:41:55.693+08:00  INFO 30516 --- [mySpringbootProject] [restartedMain] o.s.b.d.a.OptionalLiveReloadServer       : LiveReload server is running on port 35729
2025-03-24T20:41:55.848+08:00  INFO 30516 --- [mySpringbootProject] [restartedMain] o.s.b.w.embedded.tomcat.TomcatWebServer  : Tomcat started on port 8081 (http) with context path '/'
2025-03-24T20:41:55.868+08:00  INFO 30516 --- [mySpringbootProject] [restartedMain] o.e.MySpringbootProjectApplication       : Started MySpringbootProjectApplication in 5.468 seconds (process running for 6.617)
2025-03-24T20:42:03.378+08:00  INFO 30516 --- [mySpringbootProject] [http-nio-8081-exec-2] o.a.c.c.C.[Tomcat].[localhost].[/]       : Initializing Spring DispatcherServlet 'dispatcherServlet'
2025-03-24T20:42:03.378+08:00  INFO 30516 --- [mySpringbootProject] [http-nio-8081-exec-2] o.s.web.servlet.DispatcherServlet        : Initializing Servlet 'dispatcherServlet'
2025-03-24T20:42:03.380+08:00  INFO 30516 --- [mySpringbootProject] [http-nio-8081-exec-2] o.s.web.servlet.DispatcherServlet        : Completed initialization in 2 ms
2025-03-24T20:42:03.561+08:00  INFO 30516 --- [mySpringbootProject] [http-nio-8081-exec-2] com.zaxxer.hikari.HikariDataSource       : HikariPool-1 - Starting...
2025-03-24T20:42:04.296+08:00  INFO 30516 --- [mySpringbootProject] [http-nio-8081-exec-2] com.zaxxer.hikari.pool.HikariPool        : HikariPool-1 - Added connection com.mysql.cj.jdbc.ConnectionImpl@2886ed50
2025-03-24T20:42:04.298+08:00  INFO 30516 --- [mySpringbootProject] [http-nio-8081-exec-2] com.zaxxer.hikari.HikariDataSource       : HikariPool-1 - Start completed.
2025-03-24T20:48:26.518+08:00  INFO 30516 --- [mySpringbootProject] [File Watcher] rtingClassPathChangeChangedEventListener : Restarting due to 1 class path change (0 additions, 1 deletion, 0 modifications)
2025-03-24T20:48:26.523+08:00  INFO 30516 --- [mySpringbootProject] [Thread-5] o.s.b.w.e.tomcat.GracefulShutdown        : Commencing graceful shutdown. Waiting for active requests to complete
2025-03-24T20:48:26.529+08:00  INFO 30516 --- [mySpringbootProject] [tomcat-shutdown] o.s.b.w.e.tomcat.GracefulShutdown        : Graceful shutdown complete
2025-03-24T20:48:26.551+08:00  INFO 30516 --- [mySpringbootProject] [Thread-5] com.zaxxer.hikari.HikariDataSource       : HikariPool-1 - Shutdown initiated...
2025-03-24T20:48:26.561+08:00  INFO 30516 --- [mySpringbootProject] [Thread-5] com.zaxxer.hikari.HikariDataSource       : HikariPool-1 - Shutdown completed.
2025-03-24T20:48:26.717+08:00  INFO 30516 --- [mySpringbootProject] [restartedMain] o.e.MySpringbootProjectApplication       : Starting MySpringbootProjectApplication using Java 22.0.2 with PID 30516 (C:\Users\马冲\Desktop\MySpringBoot\MySpringbootProject\target\classes started by 马冲 in C:\Users\马冲\Desktop\MySpringBoot\MySpringbootProject)
2025-03-24T20:48:26.717+08:00 DEBUG 30516 --- [mySpringbootProject] [restartedMain] o.e.MySpringbootProjectApplication       : Running with Spring Boot v3.4.3, Spring v6.2.3
2025-03-24T20:48:26.717+08:00  INFO 30516 --- [mySpringbootProject] [restartedMain] o.e.MySpringbootProjectApplication       : No active profile set, falling back to 1 default profile: "default"
2025-03-24T20:48:27.053+08:00  INFO 30516 --- [mySpringbootProject] [restartedMain] .s.d.r.c.RepositoryConfigurationDelegate : Multiple Spring Data modules found, entering strict repository configuration mode
2025-03-24T20:48:27.058+08:00  INFO 30516 --- [mySpringbootProject] [restartedMain] .s.d.r.c.RepositoryConfigurationDelegate : Bootstrapping Spring Data Redis repositories in DEFAULT mode.
2025-03-24T20:48:27.077+08:00  INFO 30516 --- [mySpringbootProject] [restartedMain] .s.d.r.c.RepositoryConfigurationDelegate : Finished Spring Data repository scanning in 14 ms. Found 0 Redis repository interfaces.
2025-03-24T20:48:27.251+08:00  INFO 30516 --- [mySpringbootProject] [restartedMain] o.s.b.w.embedded.tomcat.TomcatWebServer  : Tomcat initialized with port 8081 (http)
2025-03-24T20:48:27.253+08:00  INFO 30516 --- [mySpringbootProject] [restartedMain] o.apache.catalina.core.StandardService   : Starting service [Tomcat]
2025-03-24T20:48:27.253+08:00  INFO 30516 --- [mySpringbootProject] [restartedMain] o.apache.catalina.core.StandardEngine    : Starting Servlet engine: [Apache Tomcat/10.1.36]
2025-03-24T20:48:27.277+08:00  INFO 30516 --- [mySpringbootProject] [restartedMain] o.a.c.c.C.[Tomcat].[localhost].[/]       : Initializing Spring embedded WebApplicationContext
2025-03-24T20:48:27.278+08:00  INFO 30516 --- [mySpringbootProject] [restartedMain] w.s.c.ServletWebServerApplicationContext : Root WebApplicationContext: initialization completed in 557 ms
2025-03-24T20:48:27.289+08:00  WARN 30516 --- [mySpringbootProject] [restartedMain] ConfigServletWebServerApplicationContext : Exception encountered during context initialization - cancelling refresh attempt: org.springframework.beans.factory.BeanCreationException: Error creating bean with name 'userController': Lookup method resolution failed
2025-03-24T20:48:27.291+08:00  INFO 30516 --- [mySpringbootProject] [restartedMain] o.apache.catalina.core.StandardService   : Stopping service [Tomcat]
2025-03-24T20:48:27.297+08:00  INFO 30516 --- [mySpringbootProject] [restartedMain] .s.b.a.l.ConditionEvaluationReportLogger : 

Error starting ApplicationContext. To display the condition evaluation report re-run your application with 'debug' enabled.
2025-03-24T20:48:27.323+08:00 ERROR 30516 --- [mySpringbootProject] [restartedMain] o.s.boot.SpringApplication               : Application run failed

org.springframework.beans.factory.BeanCreationException: Error creating bean with name 'userController': Lookup method resolution failed
	at org.springframework.beans.factory.annotation.AutowiredAnnotationBeanPostProcessor.checkLookupMethods(AutowiredAnnotationBeanPostProcessor.java:498) ~[spring-beans-6.2.3.jar:6.2.3]
	at org.springframework.beans.factory.annotation.AutowiredAnnotationBeanPostProcessor.determineCandidateConstructors(AutowiredAnnotationBeanPostProcessor.java:368) ~[spring-beans-6.2.3.jar:6.2.3]
	at org.springframework.beans.factory.support.AbstractAutowireCapableBeanFactory.determineConstructorsFromBeanPostProcessors(AbstractAutowireCapableBeanFactory.java:1320) ~[spring-beans-6.2.3.jar:6.2.3]
	at org.springframework.beans.factory.support.AbstractAutowireCapableBeanFactory.createBeanInstance(AbstractAutowireCapableBeanFactory.java:1215) ~[spring-beans-6.2.3.jar:6.2.3]
	at org.springframework.beans.factory.support.AbstractAutowireCapableBeanFactory.doCreateBean(AbstractAutowireCapableBeanFactory.java:563) ~[spring-beans-6.2.3.jar:6.2.3]
	at org.springframework.beans.factory.support.AbstractAutowireCapableBeanFactory.createBean(AbstractAutowireCapableBeanFactory.java:523) ~[spring-beans-6.2.3.jar:6.2.3]
	at org.springframework.beans.factory.support.AbstractBeanFactory.lambda$doGetBean$0(AbstractBeanFactory.java:339) ~[spring-beans-6.2.3.jar:6.2.3]
	at org.springframework.beans.factory.support.DefaultSingletonBeanRegistry.getSingleton(DefaultSingletonBeanRegistry.java:346) ~[spring-beans-6.2.3.jar:6.2.3]
	at org.springframework.beans.factory.support.AbstractBeanFactory.doGetBean(AbstractBeanFactory.java:337) ~[spring-beans-6.2.3.jar:6.2.3]
	at org.springframework.beans.factory.support.AbstractBeanFactory.getBean(AbstractBeanFactory.java:202) ~[spring-beans-6.2.3.jar:6.2.3]
	at org.springframework.beans.factory.support.DefaultListableBeanFactory.instantiateSingleton(DefaultListableBeanFactory.java:1155) ~[spring-beans-6.2.3.jar:6.2.3]
	at org.springframework.beans.factory.support.DefaultListableBeanFactory.preInstantiateSingleton(DefaultListableBeanFactory.java:1121) ~[spring-beans-6.2.3.jar:6.2.3]
	at org.springframework.beans.factory.support.DefaultListableBeanFactory.preInstantiateSingletons(DefaultListableBeanFactory.java:1056) ~[spring-beans-6.2.3.jar:6.2.3]
	at org.springframework.context.support.AbstractApplicationContext.finishBeanFactoryInitialization(AbstractApplicationContext.java:987) ~[spring-context-6.2.3.jar:6.2.3]
	at org.springframework.context.support.AbstractApplicationContext.refresh(AbstractApplicationContext.java:627) ~[spring-context-6.2.3.jar:6.2.3]
	at org.springframework.boot.web.servlet.context.ServletWebServerApplicationContext.refresh(ServletWebServerApplicationContext.java:146) ~[spring-boot-3.4.3.jar:3.4.3]
	at org.springframework.boot.SpringApplication.refresh(SpringApplication.java:752) ~[spring-boot-3.4.3.jar:3.4.3]
	at org.springframework.boot.SpringApplication.refreshContext(SpringApplication.java:439) ~[spring-boot-3.4.3.jar:3.4.3]
	at org.springframework.boot.SpringApplication.run(SpringApplication.java:318) ~[spring-boot-3.4.3.jar:3.4.3]
	at org.springframework.boot.SpringApplication.run(SpringApplication.java:1361) ~[spring-boot-3.4.3.jar:3.4.3]
	at org.springframework.boot.SpringApplication.run(SpringApplication.java:1350) ~[spring-boot-3.4.3.jar:3.4.3]
	at org.example.MySpringbootProjectApplication.main(MySpringbootProjectApplication.java:12) ~[classes/:na]
	at java.base/jdk.internal.reflect.DirectMethodHandleAccessor.invoke(DirectMethodHandleAccessor.java:103) ~[na:na]
	at java.base/java.lang.reflect.Method.invoke(Method.java:580) ~[na:na]
	at org.springframework.boot.devtools.restart.RestartLauncher.run(RestartLauncher.java:50) ~[spring-boot-devtools-3.4.3.jar:3.4.3]
Caused by: java.lang.IllegalStateException: Failed to introspect Class [org.example.controller.UserController] from ClassLoader [org.springframework.boot.devtools.restart.classloader.RestartClassLoader@5f101ef2]
	at org.springframework.util.ReflectionUtils.getDeclaredMethods(ReflectionUtils.java:483) ~[spring-core-6.2.3.jar:6.2.3]
	at org.springframework.util.ReflectionUtils.doWithLocalMethods(ReflectionUtils.java:320) ~[spring-core-6.2.3.jar:6.2.3]
	at org.springframework.beans.factory.annotation.AutowiredAnnotationBeanPostProcessor.checkLookupMethods(AutowiredAnnotationBeanPostProcessor.java:476) ~[spring-beans-6.2.3.jar:6.2.3]
	... 24 common frames omitted
Caused by: java.lang.NoClassDefFoundError: org/example/exception/CustomerException
	at java.base/java.lang.Class.getDeclaredMethods0(Native Method) ~[na:na]
	at java.base/java.lang.Class.privateGetDeclaredMethods(Class.java:3601) ~[na:na]
	at java.base/java.lang.Class.getDeclaredMethods(Class.java:2686) ~[na:na]
	at org.springframework.util.ReflectionUtils.getDeclaredMethods(ReflectionUtils.java:465) ~[spring-core-6.2.3.jar:6.2.3]
	... 26 common frames omitted
Caused by: java.lang.ClassNotFoundException: org.example.exception.CustomerException
	at java.base/jdk.internal.loader.BuiltinClassLoader.loadClass(BuiltinClassLoader.java:641) ~[na:na]
	at java.base/jdk.internal.loader.ClassLoaders$AppClassLoader.loadClass(ClassLoaders.java:188) ~[na:na]
	at java.base/java.lang.ClassLoader.loadClass(ClassLoader.java:525) ~[na:na]
	at java.base/java.lang.Class.forName0(Native Method) ~[na:na]
	at java.base/java.lang.Class.forName(Class.java:529) ~[na:na]
	at java.base/java.lang.Class.forName(Class.java:508) ~[na:na]
	at org.springframework.boot.devtools.restart.classloader.RestartClassLoader.loadClass(RestartClassLoader.java:121) ~[spring-boot-devtools-3.4.3.jar:3.4.3]
	at java.base/java.lang.ClassLoader.loadClass(ClassLoader.java:525) ~[na:na]
	... 30 common frames omitted

2025-03-24T20:48:58.524+08:00  INFO 30516 --- [mySpringbootProject] [restartedMain] o.e.MySpringbootProjectApplication       : Starting MySpringbootProjectApplication using Java 22.0.2 with PID 30516 (C:\Users\马冲\Desktop\MySpringBoot\MySpringbootProject\target\classes started by 马冲 in C:\Users\马冲\Desktop\MySpringBoot\MySpringbootProject)
2025-03-24T20:48:58.524+08:00 DEBUG 30516 --- [mySpringbootProject] [restartedMain] o.e.MySpringbootProjectApplication       : Running with Spring Boot v3.4.3, Spring v6.2.3
2025-03-24T20:48:58.524+08:00  INFO 30516 --- [mySpringbootProject] [restartedMain] o.e.MySpringbootProjectApplication       : No active profile set, falling back to 1 default profile: "default"
2025-03-24T20:48:58.739+08:00  INFO 30516 --- [mySpringbootProject] [restartedMain] .s.d.r.c.RepositoryConfigurationDelegate : Multiple Spring Data modules found, entering strict repository configuration mode
2025-03-24T20:48:58.739+08:00  INFO 30516 --- [mySpringbootProject] [restartedMain] .s.d.r.c.RepositoryConfigurationDelegate : Bootstrapping Spring Data Redis repositories in DEFAULT mode.
2025-03-24T20:48:58.747+08:00  INFO 30516 --- [mySpringbootProject] [restartedMain] .s.d.r.c.RepositoryConfigurationDelegate : Finished Spring Data repository scanning in 5 ms. Found 0 Redis repository interfaces.
2025-03-24T20:48:58.844+08:00  INFO 30516 --- [mySpringbootProject] [restartedMain] o.s.b.w.embedded.tomcat.TomcatWebServer  : Tomcat initialized with port 8081 (http)
2025-03-24T20:48:58.846+08:00  INFO 30516 --- [mySpringbootProject] [restartedMain] o.apache.catalina.core.StandardService   : Starting service [Tomcat]
2025-03-24T20:48:58.846+08:00  INFO 30516 --- [mySpringbootProject] [restartedMain] o.apache.catalina.core.StandardEngine    : Starting Servlet engine: [Apache Tomcat/10.1.36]
2025-03-24T20:48:58.869+08:00  INFO 30516 --- [mySpringbootProject] [restartedMain] o.a.c.c.C.[Tomcat-1].[localhost].[/]     : Initializing Spring embedded WebApplicationContext
2025-03-24T20:48:58.870+08:00  INFO 30516 --- [mySpringbootProject] [restartedMain] w.s.c.ServletWebServerApplicationContext : Root WebApplicationContext: initialization completed in 342 ms
2025-03-24T20:48:59.186+08:00  INFO 30516 --- [mySpringbootProject] [restartedMain] o.s.b.d.a.OptionalLiveReloadServer       : LiveReload server is running on port 35729
2025-03-24T20:48:59.205+08:00  INFO 30516 --- [mySpringbootProject] [restartedMain] o.s.b.w.embedded.tomcat.TomcatWebServer  : Tomcat started on port 8081 (http) with context path '/'
2025-03-24T20:48:59.209+08:00  INFO 30516 --- [mySpringbootProject] [restartedMain] o.e.MySpringbootProjectApplication       : Started MySpringbootProjectApplication in 0.718 seconds (process running for 429.959)
2025-03-24T20:48:59.211+08:00  INFO 30516 --- [mySpringbootProject] [restartedMain] .ConditionEvaluationDeltaLoggingListener : Condition evaluation unchanged
2025-03-24T20:50:37.009+08:00  INFO 30516 --- [mySpringbootProject] [File Watcher] rtingClassPathChangeChangedEventListener : Restarting due to 1 class path change (0 additions, 1 deletion, 0 modifications)
2025-03-24T20:50:37.010+08:00  INFO 30516 --- [mySpringbootProject] [Thread-7] o.s.b.w.e.tomcat.GracefulShutdown        : Commencing graceful shutdown. Waiting for active requests to complete
2025-03-24T20:50:37.015+08:00  INFO 30516 --- [mySpringbootProject] [tomcat-shutdown] o.s.b.w.e.tomcat.GracefulShutdown        : Graceful shutdown complete
2025-03-24T20:50:37.193+08:00  INFO 30516 --- [mySpringbootProject] [restartedMain] o.e.MySpringbootProjectApplication       : Starting MySpringbootProjectApplication using Java 22.0.2 with PID 30516 (C:\Users\马冲\Desktop\MySpringBoot\MySpringbootProject\target\classes started by 马冲 in C:\Users\马冲\Desktop\MySpringBoot\MySpringbootProject)
2025-03-24T20:50:37.194+08:00 DEBUG 30516 --- [mySpringbootProject] [restartedMain] o.e.MySpringbootProjectApplication       : Running with Spring Boot v3.4.3, Spring v6.2.3
2025-03-24T20:50:37.195+08:00  INFO 30516 --- [mySpringbootProject] [restartedMain] o.e.MySpringbootProjectApplication       : No active profile set, falling back to 1 default profile: "default"
2025-03-24T20:50:37.465+08:00  INFO 30516 --- [mySpringbootProject] [restartedMain] .s.d.r.c.RepositoryConfigurationDelegate : Multiple Spring Data modules found, entering strict repository configuration mode
2025-03-24T20:50:37.466+08:00  INFO 30516 --- [mySpringbootProject] [restartedMain] .s.d.r.c.RepositoryConfigurationDelegate : Bootstrapping Spring Data Redis repositories in DEFAULT mode.
2025-03-24T20:50:37.472+08:00  INFO 30516 --- [mySpringbootProject] [restartedMain] .s.d.r.c.RepositoryConfigurationDelegate : Finished Spring Data repository scanning in 4 ms. Found 0 Redis repository interfaces.
2025-03-24T20:50:37.596+08:00  INFO 30516 --- [mySpringbootProject] [restartedMain] o.s.b.w.embedded.tomcat.TomcatWebServer  : Tomcat initialized with port 8081 (http)
2025-03-24T20:50:37.597+08:00  INFO 30516 --- [mySpringbootProject] [restartedMain] o.apache.catalina.core.StandardService   : Starting service [Tomcat]
2025-03-24T20:50:37.597+08:00  INFO 30516 --- [mySpringbootProject] [restartedMain] o.apache.catalina.core.StandardEngine    : Starting Servlet engine: [Apache Tomcat/10.1.36]
2025-03-24T20:50:37.619+08:00  INFO 30516 --- [mySpringbootProject] [restartedMain] o.a.c.c.C.[Tomcat-1].[localhost].[/]     : Initializing Spring embedded WebApplicationContext
2025-03-24T20:50:37.619+08:00  INFO 30516 --- [mySpringbootProject] [restartedMain] w.s.c.ServletWebServerApplicationContext : Root WebApplicationContext: initialization completed in 420 ms
2025-03-24T20:50:37.628+08:00  WARN 30516 --- [mySpringbootProject] [restartedMain] ConfigServletWebServerApplicationContext : Exception encountered during context initialization - cancelling refresh attempt: org.springframework.beans.factory.BeanCreationException: Error creating bean with name 'userController': Lookup method resolution failed
2025-03-24T20:50:37.629+08:00  INFO 30516 --- [mySpringbootProject] [restartedMain] o.apache.catalina.core.StandardService   : Stopping service [Tomcat]
2025-03-24T20:50:37.634+08:00  INFO 30516 --- [mySpringbootProject] [restartedMain] .s.b.a.l.ConditionEvaluationReportLogger : 

Error starting ApplicationContext. To display the condition evaluation report re-run your application with 'debug' enabled.
2025-03-24T20:50:37.638+08:00 ERROR 30516 --- [mySpringbootProject] [restartedMain] o.s.boot.SpringApplication               : Application run failed

org.springframework.beans.factory.BeanCreationException: Error creating bean with name 'userController': Lookup method resolution failed
	at org.springframework.beans.factory.annotation.AutowiredAnnotationBeanPostProcessor.checkLookupMethods(AutowiredAnnotationBeanPostProcessor.java:498) ~[spring-beans-6.2.3.jar:6.2.3]
	at org.springframework.beans.factory.annotation.AutowiredAnnotationBeanPostProcessor.determineCandidateConstructors(AutowiredAnnotationBeanPostProcessor.java:368) ~[spring-beans-6.2.3.jar:6.2.3]
	at org.springframework.beans.factory.support.AbstractAutowireCapableBeanFactory.determineConstructorsFromBeanPostProcessors(AbstractAutowireCapableBeanFactory.java:1320) ~[spring-beans-6.2.3.jar:6.2.3]
	at org.springframework.beans.factory.support.AbstractAutowireCapableBeanFactory.createBeanInstance(AbstractAutowireCapableBeanFactory.java:1215) ~[spring-beans-6.2.3.jar:6.2.3]
	at org.springframework.beans.factory.support.AbstractAutowireCapableBeanFactory.doCreateBean(AbstractAutowireCapableBeanFactory.java:563) ~[spring-beans-6.2.3.jar:6.2.3]
	at org.springframework.beans.factory.support.AbstractAutowireCapableBeanFactory.createBean(AbstractAutowireCapableBeanFactory.java:523) ~[spring-beans-6.2.3.jar:6.2.3]
	at org.springframework.beans.factory.support.AbstractBeanFactory.lambda$doGetBean$0(AbstractBeanFactory.java:339) ~[spring-beans-6.2.3.jar:6.2.3]
	at org.springframework.beans.factory.support.DefaultSingletonBeanRegistry.getSingleton(DefaultSingletonBeanRegistry.java:346) ~[spring-beans-6.2.3.jar:6.2.3]
	at org.springframework.beans.factory.support.AbstractBeanFactory.doGetBean(AbstractBeanFactory.java:337) ~[spring-beans-6.2.3.jar:6.2.3]
	at org.springframework.beans.factory.support.AbstractBeanFactory.getBean(AbstractBeanFactory.java:202) ~[spring-beans-6.2.3.jar:6.2.3]
	at org.springframework.beans.factory.support.DefaultListableBeanFactory.instantiateSingleton(DefaultListableBeanFactory.java:1155) ~[spring-beans-6.2.3.jar:6.2.3]
	at org.springframework.beans.factory.support.DefaultListableBeanFactory.preInstantiateSingleton(DefaultListableBeanFactory.java:1121) ~[spring-beans-6.2.3.jar:6.2.3]
	at org.springframework.beans.factory.support.DefaultListableBeanFactory.preInstantiateSingletons(DefaultListableBeanFactory.java:1056) ~[spring-beans-6.2.3.jar:6.2.3]
	at org.springframework.context.support.AbstractApplicationContext.finishBeanFactoryInitialization(AbstractApplicationContext.java:987) ~[spring-context-6.2.3.jar:6.2.3]
	at org.springframework.context.support.AbstractApplicationContext.refresh(AbstractApplicationContext.java:627) ~[spring-context-6.2.3.jar:6.2.3]
	at org.springframework.boot.web.servlet.context.ServletWebServerApplicationContext.refresh(ServletWebServerApplicationContext.java:146) ~[spring-boot-3.4.3.jar:3.4.3]
	at org.springframework.boot.SpringApplication.refresh(SpringApplication.java:752) ~[spring-boot-3.4.3.jar:3.4.3]
	at org.springframework.boot.SpringApplication.refreshContext(SpringApplication.java:439) ~[spring-boot-3.4.3.jar:3.4.3]
	at org.springframework.boot.SpringApplication.run(SpringApplication.java:318) ~[spring-boot-3.4.3.jar:3.4.3]
	at org.springframework.boot.SpringApplication.run(SpringApplication.java:1361) ~[spring-boot-3.4.3.jar:3.4.3]
	at org.springframework.boot.SpringApplication.run(SpringApplication.java:1350) ~[spring-boot-3.4.3.jar:3.4.3]
	at org.example.MySpringbootProjectApplication.main(MySpringbootProjectApplication.java:12) ~[classes/:na]
	at java.base/jdk.internal.reflect.DirectMethodHandleAccessor.invoke(DirectMethodHandleAccessor.java:103) ~[na:na]
	at java.base/java.lang.reflect.Method.invoke(Method.java:580) ~[na:na]
	at org.springframework.boot.devtools.restart.RestartLauncher.run(RestartLauncher.java:50) ~[spring-boot-devtools-3.4.3.jar:3.4.3]
Caused by: java.lang.IllegalStateException: Failed to introspect Class [org.example.controller.UserController] from ClassLoader [org.springframework.boot.devtools.restart.classloader.RestartClassLoader@5e7735fe]
	at org.springframework.util.ReflectionUtils.getDeclaredMethods(ReflectionUtils.java:483) ~[spring-core-6.2.3.jar:6.2.3]
	at org.springframework.util.ReflectionUtils.doWithLocalMethods(ReflectionUtils.java:320) ~[spring-core-6.2.3.jar:6.2.3]
	at org.springframework.beans.factory.annotation.AutowiredAnnotationBeanPostProcessor.checkLookupMethods(AutowiredAnnotationBeanPostProcessor.java:476) ~[spring-beans-6.2.3.jar:6.2.3]
	... 24 common frames omitted
Caused by: java.lang.NoClassDefFoundError: org/example/exception/CustomerException
	at java.base/java.lang.Class.getDeclaredMethods0(Native Method) ~[na:na]
	at java.base/java.lang.Class.privateGetDeclaredMethods(Class.java:3601) ~[na:na]
	at java.base/java.lang.Class.getDeclaredMethods(Class.java:2686) ~[na:na]
	at org.springframework.util.ReflectionUtils.getDeclaredMethods(ReflectionUtils.java:465) ~[spring-core-6.2.3.jar:6.2.3]
	... 26 common frames omitted
Caused by: java.lang.ClassNotFoundException: org.example.exception.CustomerException
	at java.base/jdk.internal.loader.BuiltinClassLoader.loadClass(BuiltinClassLoader.java:641) ~[na:na]
	at java.base/jdk.internal.loader.ClassLoaders$AppClassLoader.loadClass(ClassLoaders.java:188) ~[na:na]
	at java.base/java.lang.ClassLoader.loadClass(ClassLoader.java:525) ~[na:na]
	at java.base/java.lang.Class.forName0(Native Method) ~[na:na]
	at java.base/java.lang.Class.forName(Class.java:529) ~[na:na]
	at java.base/java.lang.Class.forName(Class.java:508) ~[na:na]
	at org.springframework.boot.devtools.restart.classloader.RestartClassLoader.loadClass(RestartClassLoader.java:121) ~[spring-boot-devtools-3.4.3.jar:3.4.3]
	at java.base/java.lang.ClassLoader.loadClass(ClassLoader.java:525) ~[na:na]
	... 30 common frames omitted

2025-03-25T17:33:16.766+08:00  INFO 24828 --- [mySpringbootProject] [restartedMain] o.e.MySpringbootProjectApplication       : Starting MySpringbootProjectApplication using Java 22.0.2 with PID 24828 (C:\Users\马冲\Desktop\MySpringBoot\MySpringbootProject\target\classes started by 马冲 in C:\Users\马冲\Desktop\MySpringBoot\MySpringbootProject)
2025-03-25T17:33:16.769+08:00 DEBUG 24828 --- [mySpringbootProject] [restartedMain] o.e.MySpringbootProjectApplication       : Running with Spring Boot v3.4.3, Spring v6.2.3
2025-03-25T17:33:16.769+08:00  INFO 24828 --- [mySpringbootProject] [restartedMain] o.e.MySpringbootProjectApplication       : No active profile set, falling back to 1 default profile: "default"
2025-03-25T17:33:16.836+08:00  INFO 24828 --- [mySpringbootProject] [restartedMain] .e.DevToolsPropertyDefaultsPostProcessor : Devtools property defaults active! Set 'spring.devtools.add-properties' to 'false' to disable
2025-03-25T17:33:16.836+08:00  INFO 24828 --- [mySpringbootProject] [restartedMain] .e.DevToolsPropertyDefaultsPostProcessor : For additional web related logging consider setting the 'logging.level.web' property to 'DEBUG'
2025-03-25T17:33:18.634+08:00  INFO 24828 --- [mySpringbootProject] [restartedMain] .s.d.r.c.RepositoryConfigurationDelegate : Multiple Spring Data modules found, entering strict repository configuration mode
2025-03-25T17:33:18.641+08:00  INFO 24828 --- [mySpringbootProject] [restartedMain] .s.d.r.c.RepositoryConfigurationDelegate : Bootstrapping Spring Data Redis repositories in DEFAULT mode.
2025-03-25T17:33:18.776+08:00  INFO 24828 --- [mySpringbootProject] [restartedMain] .s.d.r.c.RepositoryConfigurationDelegate : Finished Spring Data repository scanning in 23 ms. Found 0 Redis repository interfaces.
2025-03-25T17:33:20.149+08:00  INFO 24828 --- [mySpringbootProject] [restartedMain] o.s.b.w.embedded.tomcat.TomcatWebServer  : Tomcat initialized with port 8081 (http)
2025-03-25T17:33:20.173+08:00  INFO 24828 --- [mySpringbootProject] [restartedMain] o.apache.catalina.core.StandardService   : Starting service [Tomcat]
2025-03-25T17:33:20.173+08:00  INFO 24828 --- [mySpringbootProject] [restartedMain] o.apache.catalina.core.StandardEngine    : Starting Servlet engine: [Apache Tomcat/10.1.36]
2025-03-25T17:33:20.243+08:00  INFO 24828 --- [mySpringbootProject] [restartedMain] o.a.c.c.C.[Tomcat].[localhost].[/]       : Initializing Spring embedded WebApplicationContext
2025-03-25T17:33:20.244+08:00  INFO 24828 --- [mySpringbootProject] [restartedMain] w.s.c.ServletWebServerApplicationContext : Root WebApplicationContext: initialization completed in 3407 ms
2025-03-25T17:33:21.618+08:00  WARN 24828 --- [mySpringbootProject] [restartedMain] .s.s.UserDetailsServiceAutoConfiguration : 

Using generated security password: f0deb47b-479e-4029-8f98-b99647e7c91e

This generated password is for development use only. Your security configuration must be updated before running your application in production.

2025-03-25T17:33:21.646+08:00  INFO 24828 --- [mySpringbootProject] [restartedMain] r$InitializeUserDetailsManagerConfigurer : Global AuthenticationManager configured with UserDetailsService bean with name inMemoryUserDetailsManager
2025-03-25T17:33:22.506+08:00  INFO 24828 --- [mySpringbootProject] [restartedMain] o.s.b.d.a.OptionalLiveReloadServer       : LiveReload server is running on port 35729
2025-03-25T17:33:22.552+08:00  INFO 24828 --- [mySpringbootProject] [restartedMain] o.s.b.w.embedded.tomcat.TomcatWebServer  : Tomcat started on port 8081 (http) with context path '/'
2025-03-25T17:33:22.565+08:00  INFO 24828 --- [mySpringbootProject] [restartedMain] o.e.MySpringbootProjectApplication       : Started MySpringbootProjectApplication in 6.602 seconds (process running for 8.025)
2025-03-25T17:33:29.380+08:00  INFO 24828 --- [mySpringbootProject] [http-nio-8081-exec-1] o.a.c.c.C.[Tomcat].[localhost].[/]       : Initializing Spring DispatcherServlet 'dispatcherServlet'
2025-03-25T17:33:29.380+08:00  INFO 24828 --- [mySpringbootProject] [http-nio-8081-exec-1] o.s.web.servlet.DispatcherServlet        : Initializing Servlet 'dispatcherServlet'
2025-03-25T17:33:29.382+08:00  INFO 24828 --- [mySpringbootProject] [http-nio-8081-exec-1] o.s.web.servlet.DispatcherServlet        : Completed initialization in 1 ms
2025-03-25T17:33:29.604+08:00  INFO 24828 --- [mySpringbootProject] [http-nio-8081-exec-1] com.zaxxer.hikari.HikariDataSource       : HikariPool-1 - Starting...
2025-03-25T17:33:30.042+08:00  INFO 24828 --- [mySpringbootProject] [http-nio-8081-exec-1] com.zaxxer.hikari.pool.HikariPool        : HikariPool-1 - Added connection com.mysql.cj.jdbc.ConnectionImpl@7f2301c5
2025-03-25T17:33:30.045+08:00  INFO 24828 --- [mySpringbootProject] [http-nio-8081-exec-1] com.zaxxer.hikari.HikariDataSource       : HikariPool-1 - Start completed.
2025-03-25T17:33:30.192+08:00  INFO 24828 --- [mySpringbootProject] [http-nio-8081-exec-1] o.example.service.impl.UserServiceImpl   : 用户注册成功: loginRoleTest3 (ID:18)
2025-03-25T17:33:56.554+08:00  INFO 24828 --- [mySpringbootProject] [SpringApplicationShutdownHook] o.s.b.w.e.tomcat.GracefulShutdown        : Commencing graceful shutdown. Waiting for active requests to complete
2025-03-25T17:33:56.563+08:00  INFO 24828 --- [mySpringbootProject] [tomcat-shutdown] o.s.b.w.e.tomcat.GracefulShutdown        : Graceful shutdown complete
2025-03-25T17:33:56.586+08:00  INFO 24828 --- [mySpringbootProject] [SpringApplicationShutdownHook] com.zaxxer.hikari.HikariDataSource       : HikariPool-1 - Shutdown initiated...
2025-03-25T17:33:56.595+08:00  INFO 24828 --- [mySpringbootProject] [SpringApplicationShutdownHook] com.zaxxer.hikari.HikariDataSource       : HikariPool-1 - Shutdown completed.
